0.030247,-5,1.6393,0.46789,-34.25,0,0.53211,-9.25,-14.754,0.48034,4.0935e-34,4.0935e-34,4.0935e-34,4.0935e-34,4.0935e-34,4.0935e-34
0.046075,-4,-4.919,0.47619,-38.5,0,0.53944,-8.75,-14.754,0.48376,4.0935e-34,4.0935e-34,4.0935e-34,4.0935e-34,4.0935e-34,4.0935e-34
0.061002,-3,-4.919,0.4696,-44.75,-59.004,0.54066,-1.5,-14.754,0.47912,4.0935e-34,4.0935e-34,4.0935e-34,4.0935e-34,4.0935e-34,4.0935e-34
0.073054,2,-4.919,0.47057,-55,-59.004,0.54164,7.75,-14.754,0.48303,4.0935e-34,4.0935e-34,4.0935e-34,4.0935e-34,4.0935e-34,4.0935e-34
0.08503,9,-4.919,0.47033,-69,-59.004,0.5431,19.5,152.46,0.47668,4.0935e-34,4.0935e-34,4.0935e-34,4.0935e-34,4.0935e-34,4.0935e-34
0.096826,16,-4.919,0.4735,-86,-59.004,0.53895,34.25,152.46,0.48156,4.0935e-34,4.0935e-34,4.0935e-34,4.0935e-34,4.0935e-34,4.0935e-34
0.10799,24.75,-4.919,0.47009,-99.75,-59.004,0.5326,48,152.46,0.4757,4.0935e-34,4.0935e-34,4.0935e-34,4.0935e-34,4.0935e-34,4.0935e-34
0.12053,36.25,-4.919,0.46422,-108.25,-59.004,0.53724,59.75,152.46,0.41636,4.0935e-34,4.0935e-34,4.0935e-34,4.0935e-34,4.0935e-34,4.0935e-34
0.1325,43.5,-4.919,0.42735,-113.25,-59.004,0.54579,68.75,152.46,0.40024,4.0935e-34,4.0935e-34,4.0935e-34,4.0935e-34,4.0935e-34,4.0935e-34
0.14354,53.5,-4.919,0.44371,-122.25,-59.004,0.52357,83.75,152.46,0.38681,4.0935e-34,4.0935e-34,4.0935e-34,4.0935e-34,4.0935e-34,4.0935e-34
0.15472,61,-4.919,0.44615,-123.5,-59.004,0.50794,88.25,152.46,0.34261,4.0935e-34,4.0935e-34,4.0935e-34,4.0935e-34,4.0935e-34,4.0935e-34
0.16571,69.75,-4.919,0.43443,-122.5,-59.004,0.50134,93.25,152.46,0.33553,4.0935e-34,4.0935e-34,4.0935e-34,4.0935e-34,4.0935e-34,4.0935e-34
0.17658,72.5,-4.919,0.44664,-123.25,-59.004,0.49963,94,152.46,0.33797,4.0935e-34,4.0935e-34,4.0935e-34,4.0935e-34,4.0935e-34,4.0935e-34
0.1878,74.75,-4.919,0.47106,-120,-59.004,0.50403,93,152.46,0.34383,4.0935e-34,4.0935e-34,4.0935e-34,4.0935e-34,4.0935e-34,4.0935e-34
0.19946,74.75,524.48,0.47057,-120,-59.004,0.50745,95.25,152.46,0.3409,4.0935e-34,4.0935e-34,4.0935e-34,4.0935e-34,4.0935e-34,4.0935e-34
0.21039,74.25,524.48,0.47839,-120,-493.44,0.50672,94.25,152.46,0.34994,4.0935e-34,4.0935e-34,4.0935e-34,4.0935e-34,4.0935e-34,4.0935e-34
0.22119,74,524.48,0.47424,-118,-493.44,0.50208,95.5,152.46,0.35018,4.0935e-34,4.0935e-34,4.0935e-34,4.0935e-34,4.0935e-34,4.0935e-34
0.23167,75.5,524.48,0.48034,-119,-493.44,0.50159,94.75,549.18,0.34579,4.0935e-34,4.0935e-34,4.0935e-34,4.0935e-34,4.0935e-34,4.0935e-34
0.24249,74.25,524.48,0.4735,-119.5,-493.44,0.49915,95.75,549.18,0.34969,4.0935e-34,4.0935e-34,4.0935e-34,4.0935e-34,4.0935e-34,4.0935e-34
0.25362,74.75,524.48,0.47985,-118.5,-493.44,0.49939,96,549.18,0.35263,4.0935e-34,4.0935e-34,4.0935e-34,4.0935e-34,4.0935e-34,4.0935e-34
0.26468,74,524.48,0.48107,-117.75,-493.44,0.50208,95.25,549.18,0.34774,4.0935e-34,4.0935e-34,4.0935e-34,4.0935e-34,4.0935e-34,4.0935e-34
0.27563,74.25,524.48,0.48498,-117.75,-493.44,0.50061,95.5,549.18,0.35385,4.0935e-34,4.0935e-34,4.0935e-34,4.0935e-34,4.0935e-34,4.0935e-34
0.28662,74.75,524.48,0.47546,-118,-493.44,0.49548,95.5,549.18,0.35751,4.0935e-34,4.0935e-34,4.0935e-34,4.0935e-34,4.0935e-34,4.0935e-34
0.29747,74.75,524.48,0.48132,-116.25,-493.44,0.49915,95.25,549.18,0.35507,4.0935e-34,4.0935e-34,4.0935e-34,4.0935e-34,4.0935e-34,4.0935e-34
0.30842,75.5,524.48,0.47228,-117.5,-493.44,0.49768,96.75,549.18,0.3558,4.0935e-34,4.0935e-34,4.0935e-34,4.0935e-34,4.0935e-34,4.0935e-34
0.31866,75,524.48,0.48571,-116.75,-493.44,0.49792,95.75,549.18,0.35873,4.0935e-34,4.0935e-34,4.0935e-34,4.0935e-34,4.0935e-34,4.0935e-34
0.32961,73,524.48,0.48474,-118.25,-493.44,0.49866,96.25,549.18,0.35263,4.0935e-34,4.0935e-34,4.0935e-34,4.0935e-34,4.0935e-34,4.0935e-34
0.34062,74,524.48,0.47912,-117.5,-493.44,0.4989,96,549.18,0.35897,4.0935e-34,4.0935e-34,4.0935e-34,4.0935e-34,4.0935e-34,4.0935e-34
0.35163,75.25,-3.2787,0.48107,-118.25,-493.44,0.49768,96.5,549.18,0.35946,4.0935e-34,4.0935e-34,4.0935e-34,4.0935e-34,4.0935e-34,4.0935e-34
0.36265,74.5,-3.2787,0.48254,-117,-493.44,0.50012,95.5,549.18,0.35433,4.0935e-34,4.0935e-34,4.0935e-34,4.0935e-34,4.0935e-34,4.0935e-34
0.37357,74.5,-3.2787,0.47619,-116.25,16.397,0.4967,95.5,549.18,0.36654,4.0935e-34,4.0935e-34,4.0935e-34,4.0935e-34,4.0935e-34,4.0935e-34
0.3846,74.5,-3.2787,0.47692,-118.75,16.397,0.49548,96.25,9.8341,0.36166,4.0935e-34,4.0935e-34,4.0935e-34,4.0935e-34,4.0935e-34,4.0935e-34
0.39559,76,-3.2787,0.4862,-117.75,16.397,0.49695,95.75,9.8341,0.35946,4.0935e-34,4.0935e-34,4.0935e-34,4.0935e-34,4.0935e-34,4.0935e-34
0.40664,72.75,-3.2787,0.47497,-117.5,16.397,0.49548,97.25,9.8341,0.36386,4.0935e-34,4.0935e-34,4.0935e-34,4.0935e-34,4.0935e-34,4.0935e-34
0.41771,74.25,-3.2787,0.47692,-118.25,16.397,0.49646,95.5,9.8341,0.36313,4.0935e-34,4.0935e-34,4.0935e-34,4.0935e-34,4.0935e-34,4.0935e-34
0.4286,74.5,-3.2787,0.48474,-117.25,16.397,0.49817,96.25,9.8341,0.35849,4.0935e-34,4.0935e-34,4.0935e-34,4.0935e-34,4.0935e-34,4.0935e-34
0.43941,74.25,-3.2787,0.47717,-116.75,16.397,0.49573,96.75,9.8341,0.36068,4.0935e-34,4.0935e-34,4.0935e-34,4.0935e-34,4.0935e-34,4.0935e-34
0.44962,74,-3.2787,0.48645,-117.25,16.397,0.49573,97.75,9.8341,0.36166,4.0935e-34,4.0935e-34,4.0935e-34,4.0935e-34,4.0935e-34,4.0935e-34
0.46066,74.5,-3.2787,0.48816,-117.25,16.397,0.49695,96.75,9.8341,0.36142,4.0935e-34,4.0935e-34,4.0935e-34,4.0935e-34,4.0935e-34,4.0935e-34
0.47165,75,-3.2787,0.47766,-116.5,16.397,0.49573,96.5,9.8341,0.36337,4.0935e-34,4.0935e-34,4.0935e-34,4.0935e-34,4.0935e-34,4.0935e-34
0.48258,74.75,-3.2787,0.47961,-116.25,16.397,0.49866,96.25,9.8341,0.36386,4.0935e-34,4.0935e-34,4.0935e-34,4.0935e-34,4.0935e-34,4.0935e-34
0.49367,74.25,-3.2787,0.48254,-115.25,16.397,0.49744,97.75,9.8341,0.35775,4.0935e-34,4.0935e-34,4.0935e-34,4.0935e-34,4.0935e-34,4.0935e-34
0.5079,75.25,-3.2787,0.47619,-115.75,16.397,0.49451,96.25,9.8341,0.36068,4.0935e-34,4.0935e-34,4.0935e-34,4.0935e-34,4.0935e-34,4.0935e-34
0.51886,75,-3.2787,0.4862,-116.5,4.917,0.49646,97.5,9.8341,0.36093,4.0935e-34,4.0935e-34,4.0935e-34,4.0935e-34,4.0935e-34,4.0935e-34
0.52967,73.25,-3.2787,0.47619,-117,4.917,0.49548,96.5,9.8341,0.36142,4.0935e-34,4.0935e-34,4.0935e-34,4.0935e-34,4.0935e-34,4.0935e-34
0.54061,74.5,-3.2787,0.4757,-116.5,4.917,0.49621,98.25,4.919,0.35897,4.0935e-34,4.0935e-34,4.0935e-34,4.0935e-34,4.0935e-34,4.0935e-34
0.55175,75,-3.2787,0.48645,-115.5,4.917,0.49719,96.25,4.919,0.36093,4.0935e-34,4.0935e-34,4.0935e-34,4.0935e-34,4.0935e-34,4.0935e-34
0.5626,74.75,-3.2787,0.47521,-116.25,4.917,0.49621,97,4.919,0.36264,4.0935e-34,4.0935e-34,4.0935e-34,4.0935e-34,4.0935e-34,4.0935e-34
0.57362,75.5,-3.2787,0.47814,-115.5,4.917,0.49841,97.25,4.919,0.36386,4.0935e-34,4.0935e-34,4.0935e-34,4.0935e-34,4.0935e-34,4.0935e-34
0.58461,75.25,-3.2787,0.48523,-116.25,4.917,0.49695,96.25,4.919,0.36264,4.0935e-34,4.0935e-34,4.0935e-34,4.0935e-34,4.0935e-34,4.0935e-34
0.59569,74.5,-3.2787,0.48889,-115.5,4.917,0.49792,96,4.919,0.36947,4.0935e-34,4.0935e-34,4.0935e-34,4.0935e-34,4.0935e-34,4.0935e-34
0.60657,74,-3.2787,0.47839,-116.25,4.917,0.4967,97.25,4.919,0.36777,4.0935e-34,4.0935e-34,4.0935e-34,4.0935e-34,4.0935e-34,4.0935e-34
0.6176,74,-3.2787,0.48645,-117.25,4.917,0.49646,98,4.919,0.36142,4.0935e-34,4.0935e-34,4.0935e-34,4.0935e-34,4.0935e-34,4.0935e-34
0.6286,73.5,-3.2787,0.47814,-115.75,4.917,0.49621,96.75,4.919,0.36606,4.0935e-34,4.0935e-34,4.0935e-34,4.0935e-34,4.0935e-34,4.0935e-34
0.63968,74.75,-3.2787,0.47668,-115.25,4.917,0.49817,96.75,4.919,0.3663,4.0935e-34,4.0935e-34,4.0935e-34,4.0935e-34,4.0935e-34,4.0935e-34
0.65063,74,-1.6393,0.47985,-117,4.917,0.49524,96,4.919,0.36581,4.0935e-34,4.0935e-34,4.0935e-34,4.0935e-34,4.0935e-34,4.0935e-34
0.66156,75,-1.6393,0.48864,-115.25,4.917,0.49646,97,4.919,0.3641,4.0935e-34,4.0935e-34,4.0935e-34,4.0935e-34,4.0935e-34,4.0935e-34
0.67259,74.75,-1.6393,0.4779,-116.25,-3.2794,0.49573,97.25,4.919,0.36606,4.0935e-34,4.0935e-34,4.0935e-34,4.0935e-34,4.0935e-34,4.0935e-34
0.68355,74.75,-1.6393,0.48742,-116.5,-3.2794,0.49475,97.25,4.919,0.36386,4.0935e-34,4.0935e-34,4.0935e-34,4.0935e-34,4.0935e-34,4.0935e-34
0.69565,74.5,-1.6393,0.4884,-116.25,-3.2794,0.49597,97.5,-3.2787,0.36654,4.0935e-34,4.0935e-34,4.0935e-34,4.0935e-34,4.0935e-34,4.0935e-34
0.70666,75.25,-1.6393,0.47912,-116.25,-3.2794,0.49524,97,-3.2787,0.35995,4.0935e-34,4.0935e-34,4.0935e-34,4.0935e-34,4.0935e-34,4.0935e-34
0.71772,75.25,-1.6393,0.48083,-117,-3.2794,0.49597,96.5,-3.2787,0.36361,4.0935e-34,4.0935e-34,4.0935e-34,4.0935e-34,4.0935e-34,4.0935e-34
0.72862,75.75,-1.6393,0.49133,-116.25,-3.2794,0.49621,96.75,-3.2787,0.3685,4.0935e-34,4.0935e-34,4.0935e-34,4.0935e-34,4.0935e-34,4.0935e-34
0.73959,76,-1.6393,0.48571,-115.75,-3.2794,0.49597,98,-3.2787,0.35702,4.0935e-34,4.0935e-34,4.0935e-34,4.0935e-34,4.0935e-34,4.0935e-34
0.75065,76,-1.6393,0.48913,-115.75,-3.2794,0.49768,97.5,-3.2787,0.36752,4.0935e-34,4.0935e-34,4.0935e-34,4.0935e-34,4.0935e-34,4.0935e-34
0.76163,74.75,-1.6393,0.48889,-117,-3.2794,0.49524,96.5,-3.2787,0.36899,4.0935e-34,4.0935e-34,4.0935e-34,4.0935e-34,4.0935e-34,4.0935e-34
0.77267,74.25,-1.6393,0.48571,-115.75,-3.2794,0.49768,97,-3.2787,0.36117,4.0935e-34,4.0935e-34,4.0935e-34,4.0935e-34,4.0935e-34,4.0935e-34
0.78336,74.5,-1.6393,0.47741,-115.5,-3.2794,0.49524,97.5,-3.2787,0.36459,4.0935e-34,4.0935e-34,4.0935e-34,4.0935e-34,4.0935e-34,4.0935e-34
0.79372,75.25,-1.6393,0.48694,-117.5,-3.2794,0.49548,96.5,-3.2787,0.36801,4.0935e-34,4.0935e-34,4.0935e-34,4.0935e-34,4.0935e-34,4.0935e-34
0.80418,74.25,1.6393,0.47595,-116,-3.2794,0.49621,95.75,-3.2787,0.36947,4.0935e-34,4.0935e-34,4.0935e-34,4.0935e-34,4.0935e-34,4.0935e-34
0.81434,75,1.6393,0.48547,-114.75,-3.2794,0.49573,97.5,-3.2787,0.36044,4.0935e-34,4.0935e-34,4.0935e-34,4.0935e-34,4.0935e-34,4.0935e-34
0.82429,74,1.6393,0.47473,-115.5,16.39,0.49719,96.75,-3.2787,0.36435,4.0935e-34,4.0935e-34,4.0935e-34,4.0935e-34,4.0935e-34,4.0935e-34
0.83468,75.25,1.6393,0.4884,-115.25,16.39,0.49646,98,-3.2787,0.3663,4.0935e-34,4.0935e-34,4.0935e-34,4.0935e-34,4.0935e-34,4.0935e-34
0.84571,75.75,1.6393,0.48767,-116.25,16.39,0.49719,96.5,-6.5574,0.36654,4.0935e-34,4.0935e-34,4.0935e-34,4.0935e-34,4.0935e-34,4.0935e-34
0.85657,74.5,1.6393,0.47863,-117,16.39,0.49475,97.25,-6.5574,0.36361,4.0935e-34,4.0935e-34,4.0935e-34,4.0935e-34,4.0935e-34,4.0935e-34
0.86762,75.25,1.6393,0.48938,-116,16.39,0.49548,96.5,-6.5574,0.36679,4.0935e-34,4.0935e-34,4.0935e-34,4.0935e-34,4.0935e-34,4.0935e-34
0.87864,75.75,1.6393,0.48034,-115.5,16.39,0.49426,97,-6.5574,0.36801,4.0935e-34,4.0935e-34,4.0935e-34,4.0935e-34,4.0935e-34,4.0935e-34
0.88964,75.25,1.6393,0.47863,-116.25,16.39,0.49646,98,-6.5574,0.36484,4.0935e-34,4.0935e-34,4.0935e-34,4.0935e-34,4.0935e-34,4.0935e-34
0.90065,74.25,1.6393,0.48156,-116.25,16.39,0.49695,97.5,-6.5574,0.37167,4.0935e-34,4.0935e-34,4.0935e-34,4.0935e-34,4.0935e-34,4.0935e-34
0.91162,75.5,1.6393,0.47619,-116.5,16.39,0.49646,98.25,-6.5574,0.37045,4.0935e-34,4.0935e-34,4.0935e-34,4.0935e-34,4.0935e-34,4.0935e-34
0.92265,74,1.6393,0.48474,-115,16.39,0.49621,97.75,-6.5574,0.36508,4.0935e-34,4.0935e-34,4.0935e-34,4.0935e-34,4.0935e-34,4.0935e-34
0.93368,75,1.6393,0.48645,-116.75,16.39,0.49621,98.5,-6.5574,0.37387,4.0935e-34,4.0935e-34,4.0935e-34,4.0935e-34,4.0935e-34,4.0935e-34
0.94466,73.5,1.6393,0.47863,-117,16.39,0.49646,97.5,-6.5574,0.3707,4.0935e-34,4.0935e-34,4.0935e-34,4.0935e-34,4.0935e-34,4.0935e-34
0.95565,74.5,1.6393,0.48034,-116.25,16.39,0.49695,96.25,-6.5574,0.36923,4.0935e-34,4.0935e-34,4.0935e-34,4.0935e-34,4.0935e-34,4.0935e-34
0.9666,74.25,1.6393,0.48694,-116.5,16.39,0.49524,97.25,-6.5574,0.36703,4.0935e-34,4.0935e-34,4.0935e-34,4.0935e-34,4.0935e-34,4.0935e-34
0.97759,74.5,1.6393,0.47595,-116,-13.115,0.49744,97.75,-6.5574,0.3685,4.0935e-34,4.0935e-34,4.0935e-34,4.0935e-34,4.0935e-34,4.0935e-34
0.98859,74.75,1.6393,0.48571,-116.75,-13.115,0.49573,97.5,-6.5574,0.36484,4.0935e-34,4.0935e-34,4.0935e-34,4.0935e-34,4.0935e-34,4.0935e-34
0.99977,75.25,1.6393,0.48254,-116,-13.115,0.49475,98,8.1967,0.36874,4.0935e-34,4.0935e-34,4.0935e-34,4.0935e-34,4.0935e-34,4.0935e-34
1.0107,75,1.6393,0.48962,-115.25,-13.115,0.49866,97.25,8.1967,0.36825,4.0935e-34,4.0935e-34,4.0935e-34,4.0935e-34,4.0935e-34,4.0935e-34
1.0212,74.5,1.6393,0.48767,-115.25,-13.115,0.49573,97.75,8.1967,0.36777,4.0935e-34,4.0935e-34,4.0935e-34,4.0935e-34,4.0935e-34,4.0935e-34
1.0317,74.25,1.6393,0.48156,-115.5,-13.115,0.49621,96.25,8.1967,0.36996,4.0935e-34,4.0935e-34,4.0935e-34,4.0935e-34,4.0935e-34,4.0935e-34
1.0426,75.25,1.6393,0.48596,-115.5,-13.115,0.4967,96.25,8.1967,0.37265,4.0935e-34,4.0935e-34,4.0935e-34,4.0935e-34,4.0935e-34,4.0935e-34
1.0536,76,1.6393,0.48181,-116,-13.115,0.49597,97.75,8.1967,0.36654,4.0935e-34,4.0935e-34,4.0935e-34,4.0935e-34,4.0935e-34,4.0935e-34
1.0645,73.5,1.6393,0.4801,-115,-13.115,0.49646,97.75,8.1967,0.36899,4.0935e-34,4.0935e-34,4.0935e-34,4.0935e-34,4.0935e-34,4.0935e-34
1.0757,75,1.6393,0.47961,-115,-13.115,0.49597,98.25,8.1967,0.36874,4.0935e-34,4.0935e-34,4.0935e-34,4.0935e-34,4.0935e-34,4.0935e-34
1.0866,74.75,1.6393,0.47668,-115.5,-13.115,0.49597,96.25,8.1967,0.36679,4.0935e-34,4.0935e-34,4.0935e-34,4.0935e-34,4.0935e-34,4.0935e-34
1.0977,75.5,1.6393,0.48303,-116.25,-13.115,0.49621,98,8.1967,0.37143,4.0935e-34,4.0935e-34,4.0935e-34,4.0935e-34,4.0935e-34,4.0935e-34
1.1086,74.75,1.6393,0.48425,-116,-13.115,0.4967,98,8.1967,0.36459,4.0935e-34,4.0935e-34,4.0935e-34,4.0935e-34,4.0935e-34,4.0935e-34
1.1197,74.75,1.6393,0.47643,-116,-13.115,0.49621,97.25,8.1967,0.36703,4.0935e-34,4.0935e-34,4.0935e-34,4.0935e-34,4.0935e-34,4.0935e-34
1.1307,74.25,1.6393,0.48669,-116.5,3.2794,0.49744,97.75,8.1967,0.36801,4.0935e-34,4.0935e-34,4.0935e-34,4.0935e-34,4.0935e-34,4.0935e-34
1.1417,75.25,1.6393,0.48523,-115.75,3.2794,0.49695,96.5,8.1967,0.36142,4.0935e-34,4.0935e-34,4.0935e-34,4.0935e-34,4.0935e-34,4.0935e-34
1.1526,75,1.6393,0.47937,-114.75,3.2794,0.49621,96.25,-6.5574,0.36703,4.0935e-34,4.0935e-34,4.0935e-34,4.0935e-34,4.0935e-34,4.0935e-34
1.1637,74.5,1.6393,0.48327,-117.5,3.2794,0.49548,97.5,-6.5574,0.37167,4.0935e-34,4.0935e-34,4.0935e-34,4.0935e-34,4.0935e-34,4.0935e-34
1.1747,74.75,1.6393,0.48571,-116.75,3.2794,0.49744,98.25,-6.5574,0.3641,4.0935e-34,4.0935e-34,4.0935e-34,4.0935e-34,4.0935e-34,4.0935e-34
1.1856,76,1.6393,0.4862,-116.25,3.2794,0.49915,96.75,-6.5574,0.37387,4.0935e-34,4.0935e-34,4.0935e-34,4.0935e-34,4.0935e-34,4.0935e-34
1.1971,75.25,1.6393,0.48254,-115.75,3.2794,0.49548,97,-6.5574,0.37118,4.0935e-34,4.0935e-34,4.0935e-34,4.0935e-34,4.0935e-34,4.0935e-34
1.2082,74.75,1.6393,0.48694,-117.5,3.2794,0.49426,97.75,-6.5574,0.36703,4.0935e-34,4.0935e-34,4.0935e-34,4.0935e-34,4.0935e-34,4.0935e-34
1.2186,75,1.6393,0.47937,-116,3.2794,0.49524,96,-6.5574,0.37607,4.0935e-34,4.0935e-34,4.0935e-34,4.0935e-34,4.0935e-34,4.0935e-34
1.2296,74.5,1.6393,0.48034,-116,3.2794,0.4967,98,-6.5574,0.37289,4.0935e-34,4.0935e-34,4.0935e-34,4.0935e-34,4.0935e-34,4.0935e-34
1.2406,74.5,1.6393,0.48254,-115,3.2794,0.49499,97.25,-6.5574,0.3707,4.0935e-34,4.0935e-34,4.0935e-34,4.0935e-34,4.0935e-34,4.0935e-34
1.2517,75.25,1.6393,0.47888,-115.75,3.2794,0.49524,95.25,-6.5574,0.37021,4.0935e-34,4.0935e-34,4.0935e-34,4.0935e-34,4.0935e-34,4.0935e-34
1.2627,74.75,0,0.47912,-115.25,3.2794,0.49719,97,-6.5574,0.37143,4.0935e-34,4.0935e-34,4.0935e-34,4.0935e-34,4.0935e-34,4.0935e-34
1.2736,77,0,0.48791,-114.25,3.2794,0.49744,96.5,-6.5574,0.36703,4.0935e-34,4.0935e-34,4.0935e-34,4.0935e-34,4.0935e-34,4.0935e-34
1.2846,74.75,0,0.48303,-117.25,0,0.49573,98.75,-6.5574,0.37143,4.0935e-34,4.0935e-34,4.0935e-34,4.0935e-34,4.0935e-34,4.0935e-34
1.2958,74.25,0,0.48107,-116,0,0.4967,98.25,11.475,0.37265,4.0935e-34,4.0935e-34,4.0935e-34,4.0935e-34,4.0935e-34,4.0935e-34
1.3066,74.75,0,0.48864,-117.25,0,0.49524,97,11.475,0.3663,4.0935e-34,4.0935e-34,4.0935e-34,4.0935e-34,4.0935e-34,4.0935e-34
1.3176,75.5,0,0.48083,-116.25,0,0.49573,96.75,11.475,0.37021,4.0935e-34,4.0935e-34,4.0935e-34,4.0935e-34,4.0935e-34,4.0935e-34
1.3287,75.25,0,0.48474,-115.25,0,0.49573,97.75,11.475,0.36337,4.0935e-34,4.0935e-34,4.0935e-34,4.0935e-34,4.0935e-34,4.0935e-34
1.3396,74,0,0.48791,-116.75,0,0.49573,98.5,11.475,0.36777,4.0935e-34,4.0935e-34,4.0935e-34,4.0935e-34,4.0935e-34,4.0935e-34
1.3507,74.25,0,0.48987,-117,0,0.49621,97.75,11.475,0.37167,4.0935e-34,4.0935e-34,4.0935e-34,4.0935e-34,4.0935e-34,4.0935e-34
1.3619,74.25,0,0.48571,-114.25,0,0.49597,97.25,11.475,0.36728,4.0935e-34,4.0935e-34,4.0935e-34,4.0935e-34,4.0935e-34,4.0935e-34
1.3723,75,0,0.48596,-115.25,0,0.49621,98,11.475,0.37338,4.0935e-34,4.0935e-34,4.0935e-34,4.0935e-34,4.0935e-34,4.0935e-34
1.3823,75.5,0,0.49109,-116,0,0.49621,98.25,11.475,0.37241,4.0935e-34,4.0935e-34,4.0935e-34,4.0935e-34,4.0935e-34,4.0935e-34
1.3923,74.75,0,0.47839,-115.75,0,0.49621,96.75,11.475,0.36728,4.0935e-34,4.0935e-34,4.0935e-34,4.0935e-34,4.0935e-34,4.0935e-34
1.4024,74.5,0,0.48913,-116.75,0,0.4967,97,11.475,0.36874,4.0935e-34,4.0935e-34,4.0935e-34,4.0935e-34,4.0935e-34,4.0935e-34
1.412,74.75,0,0.48059,-114.75,0,0.49719,97.75,11.475,0.37265,4.0935e-34,4.0935e-34,4.0935e-34,4.0935e-34,4.0935e-34,4.0935e-34
1.422,74.75,1.639,0.49206,-115.25,0,0.49768,97.5,11.475,0.37289,4.0935e-34,4.0935e-34,4.0935e-34,4.0935e-34,4.0935e-34,4.0935e-34
1.4323,75.5,1.639,0.48059,-116,1.6393,0.49695,97.5,11.475,0.37021,4.0935e-34,4.0935e-34,4.0935e-34,4.0935e-34,4.0935e-34,4.0935e-34
1.4424,74.5,1.639,0.47741,-115.75,1.6393,0.49719,97.5,11.475,0.36874,4.0935e-34,4.0935e-34,4.0935e-34,4.0935e-34,4.0935e-34,4.0935e-34
1.4524,76,1.639,0.48913,-116.5,1.6393,0.49597,98,-3.2787,0.37411,4.0935e-34,4.0935e-34,4.0935e-34,4.0935e-34,4.0935e-34,4.0935e-34
1.4623,74.25,1.639,0.48205,-117,1.6393,0.49524,97.75,-3.2787,0.37289,4.0935e-34,4.0935e-34,4.0935e-34,4.0935e-34,4.0935e-34,4.0935e-34
1.472,75,1.639,0.48523,-114.5,1.6393,0.49744,96,-3.2787,0.36972,4.0935e-34,4.0935e-34,4.0935e-34,4.0935e-34,4.0935e-34,4.0935e-34
1.4823,74.25,1.639,0.47912,-116,1.6393,0.49719,98.5,-3.2787,0.36899,4.0935e-34,4.0935e-34,4.0935e-34,4.0935e-34,4.0935e-34,4.0935e-34
1.5029,75,1.639,0.48742,-116.75,1.6393,0.49719,97.75,-3.2787,0.37363,4.0935e-34,4.0935e-34,4.0935e-34,4.0935e-34,4.0935e-34,4.0935e-34
1.5134,75.25,1.639,0.49182,-116.5,1.6393,0.49963,97,-3.2787,0.36801,4.0935e-34,4.0935e-34,4.0935e-34,4.0935e-34,4.0935e-34,4.0935e-34
1.5244,75,1.639,0.48816,-117.25,1.6393,0.49792,98.25,-3.2787,0.37363,4.0935e-34,4.0935e-34,4.0935e-34,4.0935e-34,4.0935e-34,4.0935e-34
1.5344,75.5,1.639,0.49597,-115.5,1.6393,0.50012,97,-3.2787,0.37314,4.0935e-34,4.0935e-34,4.0935e-34,4.0935e-34,4.0935e-34,4.0935e-34
1.5443,74.75,1.639,0.48425,-115.25,1.6393,0.49524,98.25,-3.2787,0.37094,4.0935e-34,4.0935e-34,4.0935e-34,4.0935e-34,4.0935e-34,4.0935e-34
1.5542,74.25,1.639,0.4779,-115.75,1.6393,0.49646,97,-3.2787,0.3685,4.0935e-34,4.0935e-34,4.0935e-34,4.0935e-34,4.0935e-34,4.0935e-34
1.564,75,1.639,0.48767,-117,1.6393,0.49573,97.75,-3.2787,0.37436,4.0935e-34,4.0935e-34,4.0935e-34,4.0935e-34,4.0935e-34,4.0935e-34
1.5743,74.25,-1.6393,0.47692,-115.5,1.6393,0.49524,98.25,-3.2787,0.37851,4.0935e-34,4.0935e-34,4.0935e-34,4.0935e-34,4.0935e-34,4.0935e-34
1.5844,76.5,-1.6393,0.48571,-116.75,-4.919,0.49841,98.75,-3.2787,0.39512,4.0935e-34,4.0935e-34,4.0935e-34,4.0935e-34,4.0935e-34,4.0935e-34
1.5944,75.5,-1.6393,0.47619,-114.5,-4.919,0.50208,100.75,-3.2787,0.40366,4.0935e-34,4.0935e-34,4.0935e-34,4.0935e-34,4.0935e-34,4.0935e-34
1.6045,75,-1.6393,0.48425,-112.75,-4.919,0.50305,101.25,19.668,0.41612,4.0935e-34,4.0935e-34,4.0935e-34,4.0935e-34,4.0935e-34,4.0935e-34
1.6154,76.5,-1.6393,0.49744,-114.5,-4.919,0.50672,106,19.668,0.42662,4.0935e-34,4.0935e-34,4.0935e-34,4.0935e-34,4.0935e-34,4.0935e-34
1.6253,77.5,-1.6393,0.49182,-112.75,-4.919,0.5094,108,19.668,0.43223,4.0935e-34,4.0935e-34,4.0935e-34,4.0935e-34,4.0935e-34,4.0935e-34
1.6351,78.75,-1.6393,0.50232,-111.75,-4.919,0.51477,112.25,19.668,0.43199,4.0935e-34,4.0935e-34,4.0935e-34,4.0935e-34,4.0935e-34,4.0935e-34
1.6453,81,-1.6393,0.49524,-110.75,-4.919,0.50891,115,19.668,0.43004,4.0935e-34,4.0935e-34,4.0935e-34,4.0935e-34,4.0935e-34,4.0935e-34
1.6554,83,-1.6393,0.50134,-111.5,-4.919,0.50916,119.5,19.668,0.43053,4.0935e-34,4.0935e-34,4.0935e-34,4.0935e-34,4.0935e-34,4.0935e-34
1.6654,85,-1.6393,0.50745,-112.25,-4.919,0.5177,123,19.668,0.43663,4.0935e-34,4.0935e-34,4.0935e-34,4.0935e-34,4.0935e-34,4.0935e-34
0,0,0,0,0,0,0,0,0,0,0,0,0,0,0,0
0.024335,-3.25,-6.556,0.5116,-39,-16.39,0.49841,-4,3.2787,0.48205,4.0935e-34,4.0935e-34,4.0935e-34,4.0935e-34,4.0935e-34,4.0935e-34
0.035663,-4.5,-6.556,0.50989,-40.25,19.672,0.50232,-4.5,3.2787,0.48254,4.0935e-34,4.0935e-34,4.0935e-34,4.0935e-34,4.0935e-34,4.0935e-34
0.046696,-4.5,-6.556,0.5094,-39,19.672,0.50232,-2.25,4.918,0.47643,4.0935e-34,4.0935e-34,4.0935e-34,4.0935e-34,4.0935e-34,4.0935e-34
0.057741,-2.75,-6.556,0.51038,-40.5,19.672,0.50354,2.25,4.918,0.47839,4.0935e-34,4.0935e-34,4.0935e-34,4.0935e-34,4.0935e-34,4.0935e-34
0.068708,-2.25,-6.556,0.51404,-39,19.672,0.50427,13.25,4.918,0.47741,4.0935e-34,4.0935e-34,4.0935e-34,4.0935e-34,4.0935e-34,4.0935e-34
0.079632,-3.75,-6.556,0.51013,-38.75,19.672,0.50842,23.5,4.918,0.4757,4.0935e-34,4.0935e-34,4.0935e-34,4.0935e-34,4.0935e-34,4.0935e-34
0.089697,-4.5,-6.556,0.50989,-36.5,19.672,0.50281,32.25,4.918,0.47521,4.0935e-34,4.0935e-34,4.0935e-34,4.0935e-34,4.0935e-34,4.0935e-34
0.099421,-5,-6.556,0.51062,-37,19.672,0.50232,42.5,4.918,0.47473,4.0935e-34,4.0935e-34,4.0935e-34,4.0935e-34,4.0935e-34,4.0935e-34
0.10973,-5.5,-6.556,0.50427,-36.25,19.672,0.50427,55.5,4.918,0.47692,4.0935e-34,4.0935e-34,4.0935e-34,4.0935e-34,4.0935e-34,4.0935e-34
0.12057,-6.25,-6.556,0.51477,-34.25,19.672,0.50208,73,4.918,0.47961,4.0935e-34,4.0935e-34,4.0935e-34,4.0935e-34,4.0935e-34,4.0935e-34
0.13156,-6.5,-6.556,0.50891,-34.25,19.672,0.49548,88.25,4.918,0.47961,4.0935e-34,4.0935e-34,4.0935e-34,4.0935e-34,4.0935e-34,4.0935e-34
0.1418,-8.5,-6.556,0.4989,-32.75,19.672,0.49744,104,4.918,0.48083,4.0935e-34,4.0935e-34,4.0935e-34,4.0935e-34,4.0935e-34,4.0935e-34
0.15265,-12.25,-6.556,0.50061,-32.25,19.672,0.49866,117.25,4.918,0.4801,4.0935e-34,4.0935e-34,4.0935e-34,4.0935e-34,4.0935e-34,4.0935e-34
0.16274,-18.25,-98.361,0.49548,-32.25,19.672,0.49915,129,4.918,0.48376,4.0935e-34,4.0935e-34,4.0935e-34,4.0935e-34,4.0935e-34,4.0935e-34
0.17233,-25,-98.361,0.49328,-33.25,19.672,0.49792,137,4.918,0.48083,4.0935e-34,4.0935e-34,4.0935e-34,4.0935e-34,4.0935e-34,4.0935e-34
0.18265,-30,-98.361,0.50281,-31.5,44.271,0.50403,146.5,4.918,0.47985,4.0935e-34,4.0935e-34,4.0935e-34,4.0935e-34,4.0935e-34,4.0935e-34
0.19245,-38.5,-98.361,0.5033,-32.25,44.271,0.50379,158.25,4.918,0.48181,4.0935e-34,4.0935e-34,4.0935e-34,4.0935e-34,4.0935e-34,4.0935e-34
0.20266,-45.75,-98.361,0.51136,-31.75,44.271,0.50403,171.25,1096.5,0.48107,4.0935e-34,4.0935e-34,4.0935e-34,4.0935e-34,4.0935e-34,4.0935e-34
0.21268,-53.5,-98.361,0.50891,-32.5,44.271,0.50208,183,1096.5,0.48107,4.0935e-34,4.0935e-34,4.0935e-34,4.0935e-34,4.0935e-34,4.0935e-34
0.22253,-61.75,-98.361,0.50696,-31.25,44.271,0.50159,195.25,1096.5,0.47961,4.0935e-34,4.0935e-34,4.0935e-34,4.0935e-34,4.0935e-34,4.0935e-34
0.23264,-72,-98.361,0.51062,-29.5,44.271,0.50232,207.5,1096.5,0.47668,4.0935e-34,4.0935e-34,4.0935e-34,4.0935e-34,4.0935e-34,4.0935e-34
0.2427,-79.75,-98.361,0.5033,-32.25,44.271,0.50159,220,1096.5,0.47717,4.0935e-34,4.0935e-34,4.0935e-34,4.0935e-34,4.0935e-34,4.0935e-34
0.25366,-89.75,-98.361,0.50501,-32.5,44.271,0.5011,231.75,1096.5,0.47717,4.0935e-34,4.0935e-34,4.0935e-34,4.0935e-34,4.0935e-34,4.0935e-34
0.2633,-100.75,-98.361,0.50012,-30,44.271,0.49621,248.75,1096.5,0.47497,4.0935e-34,4.0935e-34,4.0935e-34,4.0935e-34,4.0935e-34,4.0935e-34
0.27371,-110.25,-98.361,0.50305,-30.75,44.271,0.49621,261,1096.5,0.47448,4.0935e-34,4.0935e-34,4.0935e-34,4.0935e-34,4.0935e-34,4.0935e-34
0.28354,-119,-98.361,0.50501,-29.75,44.271,0.49939,271.5,1096.5,0.47424,4.0935e-34,4.0935e-34,4.0935e-34,4.0935e-34,4.0935e-34,4.0935e-34
0.29326,-129.75,-98.361,0.50085,-29.5,44.271,0.50134,284.5,1096.5,0.47448,4.0935e-34,4.0935e-34,4.0935e-34,4.0935e-34,4.0935e-34,4.0935e-34
0.30339,-139.5,-98.361,0.50891,-30.25,44.271,0.50134,296,1096.5,0.47473,4.0935e-34,4.0935e-34,4.0935e-34,4.0935e-34,4.0935e-34,4.0935e-34
0.31324,-148.25,-852.46,0.50867,-30.5,44.271,0.50256,308.25,1096.5,0.47375,4.0935e-34,4.0935e-34,4.0935e-34,4.0935e-34,4.0935e-34,4.0935e-34
0.32375,-156.75,-852.46,0.51136,-31.5,44.271,0.50208,318,1096.5,0.46984,4.0935e-34,4.0935e-34,4.0935e-34,4.0935e-34,4.0935e-34,4.0935e-34
0.33477,-166.75,-852.46,0.50745,-30.5,4.917,0.50305,330.75,1096.5,0.47057,4.0935e-34,4.0935e-34,4.0935e-34,4.0935e-34,4.0935e-34,4.0935e-34
0.34578,-176.5,-852.46,0.50965,-30.5,4.917,0.5116,345.75,1096.5,0.47595,4.0935e-34,4.0935e-34,4.0935e-34,4.0935e-34,4.0935e-34,4.0935e-34
0.35652,-187,-852.46,0.50403,-30,4.917,0.50159,356.75,1201.9,0.47473,4.0935e-34,4.0935e-34,4.0935e-34,4.0935e-34,4.0935e-34,4.0935e-34
0.36671,-195.75,-852.46,0.50525,-30.25,4.917,0.5011,366.5,1201.9,0.47424,4.0935e-34,4.0935e-34,4.0935e-34,4.0935e-34,4.0935e-34,4.0935e-34
0.37676,-206.75,-852.46,0.50183,-28.75,4.917,0.50134,377,1201.9,0.47277,4.0935e-34,4.0935e-34,4.0935e-34,4.0935e-34,4.0935e-34,4.0935e-34
0.38771,-215.5,-852.46,0.50232,-30.25,4.917,0.50061,389.25,1201.9,0.47497,4.0935e-34,4.0935e-34,4.0935e-34,4.0935e-34,4.0935e-34,4.0935e-34
0.39876,-227.75,-852.46,0.50452,-29.5,4.917,0.49499,401.5,1201.9,0.47619,4.0935e-34,4.0935e-34,4.0935e-34,4.0935e-34,4.0935e-34,4.0935e-34
0.40969,-236.75,-852.46,0.50232,-30,4.917,0.50012,413,1201.9,0.47326,4.0935e-34,4.0935e-34,4.0935e-34,4.0935e-34,4.0935e-34,4.0935e-34
0.41966,-247,-852.46,0.50696,-30,4.917,0.5011,424.75,1201.9,0.47692,4.0935e-34,4.0935e-34,4.0935e-34,4.0935e-34,4.0935e-34,4.0935e-34
0.43032,-257.75,-852.46,0.50256,-30.25,4.917,0.50305,437,1201.9,0.4757,4.0935e-34,4.0935e-34,4.0935e-34,4.0935e-34,4.0935e-34,4.0935e-34
0.44073,-268.75,-852.46,0.50501,-29.5,4.917,0.50305,448.25,1201.9,0.48083,4.0935e-34,4.0935e-34,4.0935e-34,4.0935e-34,4.0935e-34,4.0935e-34
0.45177,-277.75,-852.46,0.50037,-30,4.917,0.50598,458.5,1201.9,0.48132,4.0935e-34,4.0935e-34,4.0935e-34,4.0935e-34,4.0935e-34,4.0935e-34
0.46277,-287,-852.46,0.50354,-29,4.917,0.50232,468.5,1201.9,0.48107,4.0935e-34,4.0935e-34,4.0935e-34,4.0935e-34,4.0935e-34,4.0935e-34
0.47368,-297.75,-950.82,0.50354,-28.75,4.917,0.50256,481.25,1201.9,0.47717,4.0935e-34,4.0935e-34,4.0935e-34,4.0935e-34,4.0935e-34,4.0935e-34
0.48366,-308,-950.82,0.50061,-29.75,8.1984,0.50183,489.5,1201.9,0.47741,4.0935e-34,4.0935e-34,4.0935e-34,4.0935e-34,4.0935e-34,4.0935e-34
0.49375,-317.5,-950.82,0.50476,-30.25,8.1984,0.50085,499.75,1201.9,0.47888,4.0935e-34,4.0935e-34,4.0935e-34,4.0935e-34,4.0935e-34,4.0935e-34
0.505,-325.25,-950.82,0.49866,-30.25,8.1984,0.50159,509.75,1049.2,0.47839,4.0935e-34,4.0935e-34,4.0935e-34,4.0935e-34,4.0935e-34,4.0935e-34
0.51545,-336.75,-950.82,0.49915,-29.5,8.1984,0.49621,521.25,1049.2,0.47546,4.0935e-34,4.0935e-34,4.0935e-34,4.0935e-34,4.0935e-34,4.0935e-34
0.52591,-346,-950.82,0.49426,-29.75,8.1984,0.50281,530,1049.2,0.4801,4.0935e-34,4.0935e-34,4.0935e-34,4.0935e-34,4.0935e-34,4.0935e-34
0.53669,-353.25,-950.82,0.49695,-31,8.1984,0.50208,539,1049.2,0.4801,4.0935e-34,4.0935e-34,4.0935e-34,4.0935e-34,4.0935e-34,4.0935e-34
0.54672,-360.75,-950.82,0.49035,-29,8.1984,0.50208,546.75,1049.2,0.47375,4.0935e-34,4.0935e-34,4.0935e-34,4.0935e-34,4.0935e-34,4.0935e-34
0.55673,-370.25,-950.82,0.49353,-30.75,8.1984,0.50403,554,1049.2,0.47521,4.0935e-34,4.0935e-34,4.0935e-34,4.0935e-34,4.0935e-34,4.0935e-34
0.56775,-379.25,-950.82,0.49182,-30,8.1984,0.50061,563,1049.2,0.47668,4.0935e-34,4.0935e-34,4.0935e-34,4.0935e-34,4.0935e-34,4.0935e-34
0.57779,-386.5,-950.82,0.49353,-30.25,8.1984,0.50208,572.5,1049.2,0.47668,4.0935e-34,4.0935e-34,4.0935e-34,4.0935e-34,4.0935e-34,4.0935e-34
0.58899,-397.25,-950.82,0.49377,-30,8.1984,0.50208,581.25,1049.2,0.47473,4.0935e-34,4.0935e-34,4.0935e-34,4.0935e-34,4.0935e-34,4.0935e-34
0.59989,-404.5,-950.82,0.49304,-30.25,8.1984,0.50232,589.25,1049.2,0.47717,4.0935e-34,4.0935e-34,4.0935e-34,4.0935e-34,4.0935e-34,4.0935e-34
0.61091,-415.5,-950.82,0.49744,-29.25,8.1984,0.50208,597.75,1049.2,0.47766,4.0935e-34,4.0935e-34,4.0935e-34,4.0935e-34,4.0935e-34,4.0935e-34
0.62178,-422.75,-837.7,0.49133,-29.75,8.1984,0.50208,604.75,1049.2,0.46984,4.0935e-34,4.0935e-34,4.0935e-34,4.0935e-34,4.0935e-34,4.0935e-34
0.63249,-432.25,-837.7,0.48913,-31.75,8.1984,0.49792,611,1049.2,0.47179,4.0935e-34,4.0935e-34,4.0935e-34,4.0935e-34,4.0935e-34,4.0935e-34
0.6429,-439,-837.7,0.49084,-30,-8.195,0.49866,618.25,1049.2,0.47302,4.0935e-34,4.0935e-34,4.0935e-34,4.0935e-34,4.0935e-34,4.0935e-34
0.65381,-448.5,-837.7,0.48645,-29.75,-8.195,0.50183,625,767.21,0.47424,4.0935e-34,4.0935e-34,4.0935e-34,4.0935e-34,4.0935e-34,4.0935e-34
0.66474,-454.25,-837.7,0.4884,-28.25,-8.195,0.50232,633.75,767.21,0.47424,4.0935e-34,4.0935e-34,4.0935e-34,4.0935e-34,4.0935e-34,4.0935e-34
0.6749,-463,-837.7,0.48205,-32,-8.195,0.50232,638.25,767.21,0.47521,4.0935e-34,4.0935e-34,4.0935e-34,4.0935e-34,4.0935e-34,4.0935e-34
0.6858,-472,-837.7,0.48987,-30,-8.195,0.5033,648.75,767.21,0.47912,4.0935e-34,4.0935e-34,4.0935e-34,4.0935e-34,4.0935e-34,4.0935e-34
0.69665,-477.75,-837.7,0.48547,-29.5,-8.195,0.50403,655,767.21,0.47302,4.0935e-34,4.0935e-34,4.0935e-34,4.0935e-34,4.0935e-34,4.0935e-34
0.70671,-484.5,-837.7,0.48449,-28.75,-8.195,0.50134,659.75,767.21,0.47473,4.0935e-34,4.0935e-34,4.0935e-34,4.0935e-34,4.0935e-34,4.0935e-34
0.71643,-492.25,-837.7,0.48156,-29.25,-8.195,0.50012,667.5,767.21,0.47595,4.0935e-34,4.0935e-34,4.0935e-34,4.0935e-34,4.0935e-34,4.0935e-34
0.72638,-498.25,-837.7,0.48767,-29.25,-8.195,0.50281,671.5,767.21,0.47546,4.0935e-34,4.0935e-34,4.0935e-34,4.0935e-34,4.0935e-34,4.0935e-34
0.73627,-504.5,-837.7,0.484,-30.75,-8.195,0.49939,676,767.21,0.47521,4.0935e-34,4.0935e-34,4.0935e-34,4.0935e-34,4.0935e-34,4.0935e-34
0.74672,-510.5,-837.7,0.48791,-29.5,-8.195,0.49792,681.75,767.21,0.47473,4.0935e-34,4.0935e-34,4.0935e-34,4.0935e-34,4.0935e-34,4.0935e-34
0.75787,-518.75,-837.7,0.48596,-28.5,-8.195,0.50183,687,767.21,0.47692,4.0935e-34,4.0935e-34,4.0935e-34,4.0935e-34,4.0935e-34,4.0935e-34
0.76874,-526.75,-837.7,0.48864,-29.75,-8.195,0.50061,692,767.21,0.47692,4.0935e-34,4.0935e-34,4.0935e-34,4.0935e-34,4.0935e-34,4.0935e-34
0.77973,-531.5,-703.28,0.48816,-30,-8.195,0.50476,696.5,767.21,0.47741,4.0935e-34,4.0935e-34,4.0935e-34,4.0935e-34,4.0935e-34,4.0935e-34
0.78975,-538.75,-703.28,0.48694,-28,19.672,0.50427,701,767.21,0.4735,4.0935e-34,4.0935e-34,4.0935e-34,4.0935e-34,4.0935e-34,4.0935e-34
0.79987,-545.25,-703.28,0.48913,-30,19.672,0.50183,706.25,767.21,0.47326,4.0935e-34,4.0935e-34,4.0935e-34,4.0935e-34,4.0935e-34,4.0935e-34
0.81075,-553.25,-703.28,0.4906,-30.5,19.672,0.50354,711.5,549.18,0.47619,4.0935e-34,4.0935e-34,4.0935e-34,4.0935e-34,4.0935e-34,4.0935e-34
0.82079,-561.25,-703.28,0.49548,-29.75,19.672,0.50525,714.75,549.18,0.47595,4.0935e-34,4.0935e-34,4.0935e-34,4.0935e-34,4.0935e-34,4.0935e-34
0.83185,-567.25,-703.28,0.4928,-28.5,19.672,0.50305,719.5,549.18,0.47253,4.0935e-34,4.0935e-34,4.0935e-34,4.0935e-34,4.0935e-34,4.0935e-34
0.84275,-573.5,-703.28,0.49621,-30.75,19.672,0.50183,723,549.18,0.47619,4.0935e-34,4.0935e-34,4.0935e-34,4.0935e-34,4.0935e-34,4.0935e-34
0.85267,-578.75,-703.28,0.49035,-29.5,19.672,0.49841,728.25,549.18,0.4779,4.0935e-34,4.0935e-34,4.0935e-34,4.0935e-34,4.0935e-34,4.0935e-34
0.86267,-584.25,-703.28,0.49231,-31,19.672,0.50061,731.25,549.18,0.47766,4.0935e-34,4.0935e-34,4.0935e-34,4.0935e-34,4.0935e-34,4.0935e-34
0.87265,-591,-703.28,0.49206,-30.75,19.672,0.5011,735.5,549.18,0.47766,4.0935e-34,4.0935e-34,4.0935e-34,4.0935e-34,4.0935e-34,4.0935e-34
0.88257,-597.75,-703.28,0.49719,-30.75,19.672,0.50208,740.75,549.18,0.47863,4.0935e-34,4.0935e-34,4.0935e-34,4.0935e-34,4.0935e-34,4.0935e-34
0.89233,-603.25,-703.28,0.49426,-30,19.672,0.5033,745,549.18,0.47985,4.0935e-34,4.0935e-34,4.0935e-34,4.0935e-34,4.0935e-34,4.0935e-34
0.9027,-610,-703.28,0.49377,-29.5,19.672,0.50501,748.75,549.18,0.48059,4.0935e-34,4.0935e-34,4.0935e-34,4.0935e-34,4.0935e-34,4.0935e-34
0.91272,-615.25,-703.28,0.49744,-29.75,19.672,0.50134,752.75,549.18,0.47741,4.0935e-34,4.0935e-34,4.0935e-34,4.0935e-34,4.0935e-34,4.0935e-34
0.92271,-621.25,-703.28,0.49304,-29.75,19.672,0.50232,757.75,549.18,0.4757,4.0935e-34,4.0935e-34,4.0935e-34,4.0935e-34,4.0935e-34,4.0935e-34
0.93277,-626.25,-618.03,0.49963,-29.25,19.672,0.50159,762.25,549.18,0.47766,4.0935e-34,4.0935e-34,4.0935e-34,4.0935e-34,4.0935e-34,4.0935e-34
0.94348,-633,-618.03,0.49182,-30.25,-9.8381,0.4967,767.5,549.18,0.47912,4.0935e-34,4.0935e-34,4.0935e-34,4.0935e-34,4.0935e-34,4.0935e-34
0.95327,-640.25,-618.03,0.49573,-30.75,-9.8381,0.50208,770.75,549.18,0.48107,4.0935e-34,4.0935e-34,4.0935e-34,4.0935e-34,4.0935e-34,4.0935e-34
0.96367,-643.5,-618.03,0.49084,-28.75,-9.8381,0.50256,776,429.51,0.4757,4.0935e-34,4.0935e-34,4.0935e-34,4.0935e-34,4.0935e-34,4.0935e-34
0.97372,-648.75,-618.03,0.49524,-30.5,-9.8381,0.50305,779.25,429.51,0.4779,4.0935e-34,4.0935e-34,4.0935e-34,4.0935e-34,4.0935e-34,4.0935e-34
0.98368,-654.25,-618.03,0.49426,-28.25,-9.8381,0.50281,783.75,429.51,0.47937,4.0935e-34,4.0935e-34,4.0935e-34,4.0935e-34,4.0935e-34,4.0935e-34
0.99361,-658,-618.03,0.49475,-30.5,-9.8381,0.50525,790,429.51,0.48132,4.0935e-34,4.0935e-34,4.0935e-34,4.0935e-34,4.0935e-34,4.0935e-34
1.0034,-664,-618.03,0.49768,-28.75,-9.8381,0.50256,794.75,429.51,0.48156,4.0935e-34,4.0935e-34,4.0935e-34,4.0935e-34,4.0935e-34,4.0935e-34
1.0134,-667.5,-618.03,0.49328,-29.75,-9.8381,0.50256,802,429.51,0.47912,4.0935e-34,4.0935e-34,4.0935e-34,4.0935e-34,4.0935e-34,4.0935e-34
1.0237,-670.25,-618.03,0.5011,-32.5,-9.8381,0.50427,805.75,429.51,0.47717,4.0935e-34,4.0935e-34,4.0935e-34,4.0935e-34,4.0935e-34,4.0935e-34
1.0338,-673.5,-618.03,0.4928,-31.75,-9.8381,0.49866,810.25,429.51,0.47717,4.0935e-34,4.0935e-34,4.0935e-34,4.0935e-34,4.0935e-34,4.0935e-34
1.0437,-676.25,-618.03,0.49109,-29.5,-9.8381,0.49915,815.5,429.51,0.48083,4.0935e-34,4.0935e-34,4.0935e-34,4.0935e-34,4.0935e-34,4.0935e-34
1.0534,-679.75,-618.03,0.49231,-29.75,-9.8381,0.5033,822.5,429.51,0.48254,4.0935e-34,4.0935e-34,4.0935e-34,4.0935e-34,4.0935e-34,4.0935e-34
1.0637,-682,-618.03,0.48938,-31,-9.8381,0.50256,829.25,429.51,0.48303,4.0935e-34,4.0935e-34,4.0935e-34,4.0935e-34,4.0935e-34,4.0935e-34
1.0737,-684,-618.03,0.49206,-29.5,-9.8381,0.50354,834.75,429.51,0.47985,4.0935e-34,4.0935e-34,4.0935e-34,4.0935e-34,4.0935e-34,4.0935e-34
1.0833,-686,-406.47,0.49597,-31.25,-9.8381,0.50256,843,429.51,0.47912,4.0935e-34,4.0935e-34,4.0935e-34,4.0935e-34,4.0935e-34,4.0935e-34
1.0936,-686.75,-406.47,0.49621,-29.5,0,0.50818,850,429.51,0.48181,4.0935e-34,4.0935e-34,4.0935e-34,4.0935e-34,4.0935e-34,4.0935e-34
1.1036,-688,-406.47,0.49719,-29.75,0,0.50232,857.5,429.51,0.48449,4.0935e-34,4.0935e-34,4.0935e-34,4.0935e-34,4.0935e-34,4.0935e-34
1.1138,-687.75,-406.47,0.50281,-29.25,0,0.50281,863,573.77,0.48327,4.0935e-34,4.0935e-34,4.0935e-34,4.0935e-34,4.0935e-34,4.0935e-34
1.1247,-687.75,-406.47,0.49426,-29.75,0,0.50427,871.25,573.77,0.48034,4.0935e-34,4.0935e-34,4.0935e-34,4.0935e-34,4.0935e-34,4.0935e-34
1.1348,-688,-406.47,0.49426,-30.25,0,0.50256,877.5,573.77,0.48034,4.0935e-34,4.0935e-34,4.0935e-34,4.0935e-34,4.0935e-34,4.0935e-34
1.1458,-688.75,-406.47,0.49377,-30.25,0,0.50305,886.25,573.77,0.48498,4.0935e-34,4.0935e-34,4.0935e-34,4.0935e-34,4.0935e-34,4.0935e-34
1.1567,-686.25,-406.47,0.48791,-31.25,0,0.49915,894.5,573.77,0.48327,4.0935e-34,4.0935e-34,4.0935e-34,4.0935e-34,4.0935e-34,4.0935e-34
1.1666,-687.75,-406.47,0.49597,-31,0,0.49744,899.75,573.77,0.48059,4.0935e-34,4.0935e-34,4.0935e-34,4.0935e-34,4.0935e-34,4.0935e-34
1.1763,-688.25,-406.47,0.4906,-31.75,0,0.50037,907.25,573.77,0.48571,4.0935e-34,4.0935e-34,4.0935e-34,4.0935e-34,4.0935e-34,4.0935e-34
1.1867,-687,-406.47,0.48816,-30.25,0,0.50134,913.25,573.77,0.48523,4.0935e-34,4.0935e-34,4.0935e-34,4.0935e-34,4.0935e-34,4.0935e-34
1.1965,-687.25,-406.47,0.49206,-30.75,0,0.50159,918.25,573.77,0.48645,4.0935e-34,4.0935e-34,4.0935e-34,4.0935e-34,4.0935e-34,4.0935e-34
1.2063,-688.75,-406.47,0.48791,-28,0,0.50354,924,573.77,0.48913,4.0935e-34,4.0935e-34,4.0935e-34,4.0935e-34,4.0935e-34,4.0935e-34
1.2168,-688.5,-406.47,0.49304,-30,0,0.5033,929.5,573.77,0.48449,4.0935e-34,4.0935e-34,4.0935e-34,4.0935e-34,4.0935e-34,4.0935e-34
1.2268,-687.5,-406.47,0.49353,-30,0,0.50818,936.75,573.77,0.48694,4.0935e-34,4.0935e-34,4.0935e-34,4.0935e-34,4.0935e-34,4.0935e-34
1.2368,-688,-24.595,0.49573,-31.5,0,0.50232,942.75,573.77,0.49011,4.0935e-34,4.0935e-34,4.0935e-34,4.0935e-34,4.0935e-34,4.0935e-34
1.2477,-688.25,-24.595,0.49451,-30,-3.2794,0.50208,948,573.77,0.48962,4.0935e-34,4.0935e-34,4.0935e-34,4.0935e-34,4.0935e-34,4.0935e-34
1.2579,-688.75,-24.595,0.49304,-29.75,-3.2794,0.50476,954.25,573.77,0.48718,4.0935e-34,4.0935e-34,4.0935e-34,4.0935e-34,4.0935e-34,4.0935e-34
1.2685,-686.75,-24.595,0.49426,-29,-3.2794,0.50061,961.25,632.79,0.48694,4.0935e-34,4.0935e-34,4.0935e-34,4.0935e-34,4.0935e-34,4.0935e-34
1.2784,-685.75,-24.595,0.49084,-30.5,-3.2794,0.49426,965.75,632.79,0.48938,4.0935e-34,4.0935e-34,4.0935e-34,4.0935e-34,4.0935e-34,4.0935e-34
1.2888,-686.5,-24.595,0.49158,-30.25,-3.2794,0.50085,971.75,632.79,0.49035,4.0935e-34,4.0935e-34,4.0935e-34,4.0935e-34,4.0935e-34,4.0935e-34
1.2997,-687.75,-24.595,0.49084,-30,-3.2794,0.50012,977.25,632.79,0.49011,4.0935e-34,4.0935e-34,4.0935e-34,4.0935e-34,4.0935e-34,4.0935e-34
1.3095,-687.5,-24.595,0.48694,-29.75,-3.2794,0.50305,983.25,632.79,0.4884,4.0935e-34,4.0935e-34,4.0935e-34,4.0935e-34,4.0935e-34,4.0935e-34
1.3193,-687.25,-24.595,0.48987,-30.5,-3.2794,0.50183,988.25,632.79,0.49133,4.0935e-34,4.0935e-34,4.0935e-34,4.0935e-34,4.0935e-34,4.0935e-34
1.3298,-687.5,-24.595,0.4928,-31.75,-3.2794,0.50208,993,632.79,0.49377,4.0935e-34,4.0935e-34,4.0935e-34,4.0935e-34,4.0935e-34,4.0935e-34
1.3407,-688.75,-24.595,0.49133,-30.75,-3.2794,0.50598,999.25,632.79,0.49304,4.0935e-34,4.0935e-34,4.0935e-34,4.0935e-34,4.0935e-34,4.0935e-34
1.3518,-687.5,-24.595,0.49792,-31.75,-3.2794,0.50403,1004.5,632.79,0.49182,4.0935e-34,4.0935e-34,4.0935e-34,4.0935e-34,4.0935e-34,4.0935e-34
1.3627,-687.25,-24.595,0.49377,-31.25,-3.2794,0.50256,1010.8,632.79,0.49182,4.0935e-34,4.0935e-34,4.0935e-34,4.0935e-34,4.0935e-34,4.0935e-34
1.3727,-687.5,-24.595,0.49402,-30,-3.2794,0.50427,1015.2,632.79,0.49328,4.0935e-34,4.0935e-34,4.0935e-34,4.0935e-34,4.0935e-34,4.0935e-34
1.3825,-688.25,0,0.49451,-30.75,-3.2794,0.50305,1019,632.79,0.48791,4.0935e-34,4.0935e-34,4.0935e-34,4.0935e-34,4.0935e-34,4.0935e-34
1.3923,-688,0,0.49426,-30,-3.2794,0.50183,1024,632.79,0.49182,4.0935e-34,4.0935e-34,4.0935e-34,4.0935e-34,4.0935e-34,4.0935e-34
1.4027,-687.75,0,0.4906,-31,-3.2787,0.49915,1029,632.79,0.49182,4.0935e-34,4.0935e-34,4.0935e-34,4.0935e-34,4.0935e-34,4.0935e-34
1.4128,-689,0,0.49182,-29,-3.2787,0.49499,1035.5,632.79,0.49255,4.0935e-34,4.0935e-34,4.0935e-34,4.0935e-34,4.0935e-34,4.0935e-34
1.4237,-688.25,0,0.48938,-31.5,-3.2787,0.50354,1041,516.29,0.49475,4.0935e-34,4.0935e-34,4.0935e-34,4.0935e-34,4.0935e-34,4.0935e-34
1.4337,-687.75,0,0.4884,-30.25,-3.2787,0.50232,1044,516.29,0.49377,4.0935e-34,4.0935e-34,4.0935e-34,4.0935e-34,4.0935e-34,4.0935e-34
1.4436,-688.25,0,0.48987,-29.75,-3.2787,0.50403,1049,516.29,0.4906,4.0935e-34,4.0935e-34,4.0935e-34,4.0935e-34,4.0935e-34,4.0935e-34
1.4534,-687.5,0,0.48938,-29.25,-3.2787,0.50208,1054.8,516.29,0.49377,4.0935e-34,4.0935e-34,4.0935e-34,4.0935e-34,4.0935e-34,4.0935e-34
1.4638,-687.75,0,0.49035,-31.5,-3.2787,0.50159,1059.5,516.29,0.4989,4.0935e-34,4.0935e-34,4.0935e-34,4.0935e-34,4.0935e-34,4.0935e-34
1.4738,-686.5,0,0.49304,-29.75,-3.2787,0.50403,1063.5,516.29,0.49915,4.0935e-34,4.0935e-34,4.0935e-34,4.0935e-34,4.0935e-34,4.0935e-34
1.4837,-687.5,0,0.50012,-27.75,-3.2787,0.50794,1069.5,516.29,0.49646,4.0935e-34,4.0935e-34,4.0935e-34,4.0935e-34,4.0935e-34,4.0935e-34
1.4936,-687.5,0,0.49158,-31,-3.2787,0.50208,1075.2,516.29,0.49499,4.0935e-34,4.0935e-34,4.0935e-34,4.0935e-34,4.0935e-34,4.0935e-34
1.5033,-687,0,0.49328,-31.5,-3.2787,0.50256,1079.2,516.29,0.49768,4.0935e-34,4.0935e-34,4.0935e-34,4.0935e-34,4.0935e-34,4.0935e-34
1.5133,-687.25,0,0.49451,-30.75,-3.2787,0.5033,1085,516.29,0.5011,4.0935e-34,4.0935e-34,4.0935e-34,4.0935e-34,4.0935e-34,4.0935e-34
1.5237,-687.25,0,0.4928,-29.75,-3.2787,0.50256,1089.8,516.29,0.50012,4.0935e-34,4.0935e-34,4.0935e-34,4.0935e-34,4.0935e-34,4.0935e-34
1.5338,-688.25,0,0.49426,-30,-3.2787,0.50134,1094.2,516.29,0.50208,4.0935e-34,4.0935e-34,4.0935e-34,4.0935e-34,4.0935e-34,4.0935e-34
1.5447,-686.25,0,0.49377,-30.75,-3.2787,0.5033,1099,516.29,0.49646,4.0935e-34,4.0935e-34,4.0935e-34,4.0935e-34,4.0935e-34,4.0935e-34
1.5543,-688.5,0,0.49499,-29.75,9.8341,0.50159,1105,516.29,0.49841,4.0935e-34,4.0935e-34,4.0935e-34,4.0935e-34,4.0935e-34,4.0935e-34
1.5647,-688,0,0.4928,-30,9.8341,0.50012,1110.5,516.29,0.50061,4.0935e-34,4.0935e-34,4.0935e-34,4.0935e-34,4.0935e-34,4.0935e-34
0,0,0,0,0,0,0,0,0,0,0,0,0,0,0,0
0,0,0,0,0,0,0,0,0,0,0,0,0,0,0,0
0,0,0,0,0,0,0,0,0,0,0,0,0,0,0,0
0,0,0,0,0,0,0,0,0,0,0,0,0,0,0,0
0,0,0,0,0,0,0,0,0,0,0,0,0,0,0,0
0,0,0,0,0,0,0,0,0,0,0,0,0,0,0,0
0,0,0,0,0,0,0,0,0,0,0,0,0,0,0,0
0,0,0,0,0,0,0,0,0,0,0,0,0,0,0,0
0,0,0,0,0,0,0,0,0,0,0,0,0,0,0,0
0,0,0,0,0,0,0,0,0,0,0,0,0,0,0,0
0,0,0,0,0,0,0,0,0,0,0,0,0,0,0,0
0,0,0,0,0,0,0,0,0,0,0,0,0,0,0,0
0,0,0,0,0,0,0,0,0,0,0,0,0,0,0,0
0,0,0,0,0,0,0,0,0,0,0,0,0,0,0,0
0,0,0,0,0,0,0,0,0,0,0,0,0,0,0,0
0,0,0,0,0,0,0,0,0,0,0,0,0,0,0,0
0,0,0,0,0,0,0,0,0,0,0,0,0,0,0,0
0,0,0,0,0,0,0,0,0,0,0,0,0,0,0,0
0,0,0,0,0,0,0,0,0,0,0,0,0,0,0,0
0,0,0,0,0,0,0,0,0,0,0,0,0,0,0,0
0,0,0,0,0,0,0,0,0,0,0,0,0,0,0,0
0,0,0,0,0,0,0,0,0,0,0,0,0,0,0,0
0,0,0,0,0,0,0,0,0,0,0,0,0,0,0,0
0,0,0,0,0,0,0,0,0,0,0,0,0,0,0,0
0,0,0,0,0,0,0,0,0,0,0,0,0,0,0,0
0,0,0,0,0,0,0,0,0,0,0,0,0,0,0,0
0,0,0,0,0,0,0,0,0,0,0,0,0,0,0,0
0,0,0,0,0,0,0,0,0,0,0,0,0,0,0,0
0,0,0,0,0,0,0,0,0,0,0,0,0,0,0,0
0,0,0,0,0,0,0,0,0,0,0,0,0,0,0,0
0,0,0,0,0,0,0,0,0,0,0,0,0,0,0,0
0,0,0,0,0,0,0,0,0,0,0,0,0,0,0,0
0,0,0,0,0,0,0,0,0,0,0,0,0,0,0,0
0,0,0,0,0,0,0,0,0,0,0,0,0,0,0,0
0,0,0,0,0,0,0,0,0,0,0,0,0,0,0,0
0,0,0,0,0,0,0,0,0,0,0,0,0,0,0,0
0,0,0,0,0,0,0,0,0,0,0,0,0,0,0,0
0,0,0,0,0,0,0,0,0,0,0,0,0,0,0,0
0,0,0,0,0,0,0,0,0,0,0,0,0,0,0,0
0,0,0,0,0,0,0,0,0,0,0,0,0,0,0,0
0,0,0,0,0,0,0,0,0,0,0,0,0,0,0,0
0,0,0,0,0,0,0,0,0,0,0,0,0,0,0,0
0,0,0,0,0,0,0,0,0,0,0,0,0,0,0,0
0,0,0,0,0,0,0,0,0,0,0,0,0,0,0,0
0,0,0,0,0,0,0,0,0,0,0,0,0,0,0,0
0,0,0,0,0,0,0,0,0,0,0,0,0,0,0,0
0,0,0,0,0,0,0,0,0,0,0,0,0,0,0,0
0,0,0,0,0,0,0,0,0,0,0,0,0,0,0,0
0,0,0,0,0,0,0,0,0,0,0,0,0,0,0,0
0,0,0,0,0,0,0,0,0,0,0,0,0,0,0,0
0,0,0,0,0,0,0,0,0,0,0,0,0,0,0,0
0,0,0,0,0,0,0,0,0,0,0,0,0,0,0,0
0,0,0,0,0,0,0,0,0,0,0,0,0,0,0,0
0,0,0,0,0,0,0,0,0,0,0,0,0,0,0,0
0,0,0,0,0,0,0,0,0,0,0,0,0,0,0,0
0,0,0,0,0,0,0,0,0,0,0,0,0,0,0,0
0,0,0,0,0,0,0,0,0,0,0,0,0,0,0,0
0,0,0,0,0,0,0,0,0,0,0,0,0,0,0,0
0,0,0,0,0,0,0,0,0,0,0,0,0,0,0,0
0,0,0,0,0,0,0,0,0,0,0,0,0,0,0,0
0,0,0,0,0,0,0,0,0,0,0,0,0,0,0,0
0,0,0,0,0,0,0,0,0,0,0,0,0,0,0,0
0,0,0,0,0,0,0,0,0,0,0,0,0,0,0,0
0,0,0,0,0,0,0,0,0,0,0,0,0,0,0,0
0,0,0,0,0,0,0,0,0,0,0,0,0,0,0,0
0,0,0,0,0,0,0,0,0,0,0,0,0,0,0,0
0,0,0,0,0,0,0,0,0,0,0,0,0,0,0,0
0,0,0,0,0,0,0,0,0,0,0,0,0,0,0,0
0,0,0,0,0,0,0,0,0,0,0,0,0,0,0,0
0,0,0,0,0,0,0,0,0,0,0,0,0,0,0,0
0,0,0,0,0,0,0,0,0,0,0,0,0,0,0,0
0,0,0,0,0,0,0,0,0,0,0,0,0,0,0,0
0,0,0,0,0,0,0,0,0,0,0,0,0,0,0,0
0,0,0,0,0,0,0,0,0,0,0,0,0,0,0,0
0,0,0,0,0,0,0,0,0,0,0,0,0,0,0,0
0,0,0,0,0,0,0,0,0,0,0,0,0,0,0,0
0,0,0,0,0,0,0,0,0,0,0,0,0,0,0,0
0,0,0,0,0,0,0,0,0,0,0,0,0,0,0,0
0,0,0,0,0,0,0,0,0,0,0,0,0,0,0,0
0,0,0,0,0,0,0,0,0,0,0,0,0,0,0,0
0,0,0,0,0,0,0,0,0,0,0,0,0,0,0,0
0,0,0,0,0,0,0,0,0,0,0,0,0,0,0,0
0,0,0,0,0,0,0,0,0,0,0,0,0,0,0,0
0,0,0,0,0,0,0,0,0,0,0,0,0,0,0,0
0,0,0,0,0,0,0,0,0,0,0,0,0,0,0,0
0,0,0,0,0,0,0,0,0,0,0,0,0,0,0,0
0,0,0,0,0,0,0,0,0,0,0,0,0,0,0,0
0,0,0,0,0,0,0,0,0,0,0,0,0,0,0,0
0,0,0,0,0,0,0,0,0,0,0,0,0,0,0,0
0,0,0,0,0,0,0,0,0,0,0,0,0,0,0,0
0,0,0,0,0,0,0,0,0,0,0,0,0,0,0,0
0,0,0,0,0,0,0,0,0,0,0,0,0,0,0,0
0,0,0,0,0,0,0,0,0,0,0,0,0,0,0,0
0,0,0,0,0,0,0,0,0,0,0,0,0,0,0,0
0,0,0,0,0,0,0,0,0,0,0,0,0,0,0,0
0,0,0,0,0,0,0,0,0,0,0,0,0,0,0,0
0,0,0,0,0,0,0,0,0,0,0,0,0,0,0,0
0,0,0,0,0,0,0,0,0,0,0,0,0,0,0,0
0,0,0,0,0,0,0,0,0,0,0,0,0,0,0,0
0,0,0,0,0,0,0,0,0,0,0,0,0,0,0,0
0,0,0,0,0,0,0,0,0,0,0,0,0,0,0,0
0,0,0,0,0,0,0,0,0,0,0,0,0,0,0,0
0,0,0,0,0,0,0,0,0,0,0,0,0,0,0,0
0,0,0,0,0,0,0,0,0,0,0,0,0,0,0,0
0,0,0,0,0,0,0,0,0,0,0,0,0,0,0,0
0,0,0,0,0,0,0,0,0,0,0,0,0,0,0,0
0,0,0,0,0,0,0,0,0,0,0,0,0,0,0,0
0,0,0,0,0,0,0,0,0,0,0,0,0,0,0,0
0,0,0,0,0,0,0,0,0,0,0,0,0,0,0,0
0,0,0,0,0,0,0,0,0,0,0,0,0,0,0,0
0,0,0,0,0,0,0,0,0,0,0,0,0,0,0,0
0,0,0,0,0,0,0,0,0,0,0,0,0,0,0,0
0,0,0,0,0,0,0,0,0,0,0,0,0,0,0,0
0,0,0,0,0,0,0,0,0,0,0,0,0,0,0,0
0,0,0,0,0,0,0,0,0,0,0,0,0,0,0,0
0,0,0,0,0,0,0,0,0,0,0,0,0,0,0,0
0,0,0,0,0,0,0,0,0,0,0,0,0,0,0,0
0,0,0,0,0,0,0,0,0,0,0,0,0,0,0,0
0,0,0,0,0,0,0,0,0,0,0,0,0,0,0,0
0,0,0,0,0,0,0,0,0,0,0,0,0,0,0,0
0,0,0,0,0,0,0,0,0,0,0,0,0,0,0,0
0,0,0,0,0,0,0,0,0,0,0,0,0,0,0,0
0,0,0,0,0,0,0,0,0,0,0,0,0,0,0,0
0,0,0,0,0,0,0,0,0,0,0,0,0,0,0,0
0,0,0,0,0,0,0,0,0,0,0,0,0,0,0,0
0,0,0,0,0,0,0,0,0,0,0,0,0,0,0,0
0,0,0,0,0,0,0,0,0,0,0,0,0,0,0,0
0,0,0,0,0,0,0,0,0,0,0,0,0,0,0,0
0,0,0,0,0,0,0,0,0,0,0,0,0,0,0,0
0,0,0,0,0,0,0,0,0,0,0,0,0,0,0,0
0,0,0,0,0,0,0,0,0,0,0,0,0,0,0,0
0,0,0,0,0,0,0,0,0,0,0,0,0,0,0,0
0,0,0,0,0,0,0,0,0,0,0,0,0,0,0,0
0,0,0,0,0,0,0,0,0,0,0,0,0,0,0,0
0,0,0,0,0,0,0,0,0,0,0,0,0,0,0,0
0,0,0,0,0,0,0,0,0,0,0,0,0,0,0,0
0,0,0,0,0,0,0,0,0,0,0,0,0,0,0,0
0,0,0,0,0,0,0,0,0,0,0,0,0,0,0,0
0,0,0,0,0,0,0,0,0,0,0,0,0,0,0,0
0,0,0,0,0,0,0,0,0,0,0,0,0,0,0,0
0,0,0,0,0,0,0,0,0,0,0,0,0,0,0,0
0,0,0,0,0,0,0,0,0,0,0,0,0,0,0,0
0,0,0,0,0,0,0,0,0,0,0,0,0,0,0,0
0,0,0,0,0,0,0,0,0,0,0,0,0,0,0,0
0,0,0,0,0,0,0,0,0,0,0,0,0,0,0,0
0,0,0,0,0,0,0,0,0,0,0,0,0,0,0,0
0,0,0,0,0,0,0,0,0,0,0,0,0,0,0,0
0,0,0,0,0,0,0,0,0,0,0,0,0,0,0,0
0,0,0,0,0,0,0,0,0,0,0,0,0,0,0,0
0,0,0,0,0,0,0,0,0,0,0,0,0,0,0,0
0,0,0,0,0,0,0,0,0,0,0,0,0,0,0,0
0,0,0,0,0,0,0,0,0,0,0,0,0,0,0,0
0,0,0,0,0,0,0,0,0,0,0,0,0,0,0,0
0,0,0,0,0,0,0,0,0,0,0,0,0,0,0,0
0,0,0,0,0,0,0,0,0,0,0,0,0,0,0,0
0,0,0,0,0,0,0,0,0,0,0,0,0,0,0,0
0,0,0,0,0,0,0,0,0,0,0,0,0,0,0,0
0,0,0,0,0,0,0,0,0,0,0,0,0,0,0,0
0,0,0,0,0,0,0,0,0,0,0,0,0,0,0,0
0,0,0,0,0,0,0,0,0,0,0,0,0,0,0,0
0,0,0,0,0,0,0,0,0,0,0,0,0,0,0,0
0,0,0,0,0,0,0,0,0,0,0,0,0,0,0,0
0,0,0,0,0,0,0,0,0,0,0,0,0,0,0,0
0,0,0,0,0,0,0,0,0,0,0,0,0,0,0,0
0,0,0,0,0,0,0,0,0,0,0,0,0,0,0,0
0,0,0,0,0,0,0,0,0,0,0,0,0,0,0,0
0,0,0,0,0,0,0,0,0,0,0,0,0,0,0,0
0,0,0,0,0,0,0,0,0,0,0,0,0,0,0,0
0,0,0,0,0,0,0,0,0,0,0,0,0,0,0,0
0,0,0,0,0,0,0,0,0,0,0,0,0,0,0,0
0,0,0,0,0,0,0,0,0,0,0,0,0,0,0,0
0,0,0,0,0,0,0,0,0,0,0,0,0,0,0,0
0,0,0,0,0,0,0,0,0,0,0,0,0,0,0,0
0,0,0,0,0,0,0,0,0,0,0,0,0,0,0,0
0,0,0,0,0,0,0,0,0,0,0,0,0,0,0,0
0,0,0,0,0,0,0,0,0,0,0,0,0,0,0,0
0,0,0,0,0,0,0,0,0,0,0,0,0,0,0,0
0,0,0,0,0,0,0,0,0,0,0,0,0,0,0,0
0,0,0,0,0,0,0,0,0,0,0,0,0,0,0,0
0,0,0,0,0,0,0,0,0,0,0,0,0,0,0,0
0,0,0,0,0,0,0,0,0,0,0,0,0,0,0,0
0,0,0,0,0,0,0,0,0,0,0,0,0,0,0,0
0,0,0,0,0,0,0,0,0,0,0,0,0,0,0,0
0,0,0,0,0,0,0,0,0,0,0,0,0,0,0,0
0,0,0,0,0,0,0,0,0,0,0,0,0,0,0,0
0,0,0,0,0,0,0,0,0,0,0,0,0,0,0,0
0,0,0,0,0,0,0,0,0,0,0,0,0,0,0,0
0,0,0,0,0,0,0,0,0,0,0,0,0,0,0,0
0,0,0,0,0,0,0,0,0,0,0,0,0,0,0,0
0,0,0,0,0,0,0,0,0,0,0,0,0,0,0,0
0,0,0,0,0,0,0,0,0,0,0,0,0,0,0,0
0,0,0,0,0,0,0,0,0,0,0,0,0,0,0,0
0,0,0,0,0,0,0,0,0,0,0,0,0,0,0,0
0,0,0,0,0,0,0,0,0,0,0,0,0,0,0,0
0,0,0,0,0,0,0,0,0,0,0,0,0,0,0,0
0,0,0,0,0,0,0,0,0,0,0,0,0,0,0,0
0,0,0,0,0,0,0,0,0,0,0,0,0,0,0,0
0,0,0,0,0,0,0,0,0,0,0,0,0,0,0,0
0,0,0,0,0,0,0,0,0,0,0,0,0,0,0,0
0,0,0,0,0,0,0,0,0,0,0,0,0,0,0,0
0,0,0,0,0,0,0,0,0,0,0,0,0,0,0,0
0,0,0,0,0,0,0,0,0,0,0,0,0,0,0,0
0,0,0,0,0,0,0,0,0,0,0,0,0,0,0,0
0,0,0,0,0,0,0,0,0,0,0,0,0,0,0,0
0,0,0,0,0,0,0,0,0,0,0,0,0,0,0,0
0,0,0,0,0,0,0,0,0,0,0,0,0,0,0,0
0,0,0,0,0,0,0,0,0,0,0,0,0,0,0,0
0,0,0,0,0,0,0,0,0,0,0,0,0,0,0,0
0,0,0,0,0,0,0,0,0,0,0,0,0,0,0,0
0,0,0,0,0,0,0,0,0,0,0,0,0,0,0,0
0,0,0,0,0,0,0,0,0,0,0,0,0,0,0,0
0,0,0,0,0,0,0,0,0,0,0,0,0,0,0,0
0,0,0,0,0,0,0,0,0,0,0,0,0,0,0,0
0,0,0,0,0,0,0,0,0,0,0,0,0,0,0,0
0,0,0,0,0,0,0,0,0,0,0,0,0,0,0,0
0,0,0,0,0,0,0,0,0,0,0,0,0,0,0,0
0,0,0,0,0,0,0,0,0,0,0,0,0,0,0,0
0,0,0,0,0,0,0,0,0,0,0,0,0,0,0,0
0,0,0,0,0,0,0,0,0,0,0,0,0,0,0,0
0,0,0,0,0,0,0,0,0,0,0,0,0,0,0,0
0,0,0,0,0,0,0,0,0,0,0,0,0,0,0,0
0,0,0,0,0,0,0,0,0,0,0,0,0,0,0,0
0,0,0,0,0,0,0,0,0,0,0,0,0,0,0,0
0,0,0,0,0,0,0,0,0,0,0,0,0,0,0,0
0,0,0,0,0,0,0,0,0,0,0,0,0,0,0,0
0,0,0,0,0,0,0,0,0,0,0,0,0,0,0,0
0,0,0,0,0,0,0,0,0,0,0,0,0,0,0,0
0,0,0,0,0,0,0,0,0,0,0,0,0,0,0,0
0,0,0,0,0,0,0,0,0,0,0,0,0,0,0,0
0,0,0,0,0,0,0,0,0,0,0,0,0,0,0,0
0,0,0,0,0,0,0,0,0,0,0,0,0,0,0,0
0,0,0,0,0,0,0,0,0,0,0,0,0,0,0,0
0,0,0,0,0,0,0,0,0,0,0,0,0,0,0,0
0,0,0,0,0,0,0,0,0,0,0,0,0,0,0,0
0,0,0,0,0,0,0,0,0,0,0,0,0,0,0,0
0,0,0,0,0,0,0,0,0,0,0,0,0,0,0,0
0,0,0,0,0,0,0,0,0,0,0,0,0,0,0,0
0,0,0,0,0,0,0,0,0,0,0,0,0,0,0,0
0,0,0,0,0,0,0,0,0,0,0,0,0,0,0,0
0,0,0,0,0,0,0,0,0,0,0,0,0,0,0,0
0,0,0,0,0,0,0,0,0,0,0,0,0,0,0,0
0,0,0,0,0,0,0,0,0,0,0,0,0,0,0,0
0,0,0,0,0,0,0,0,0,0,0,0,0,0,0,0
0,0,0,0,0,0,0,0,0,0,0,0,0,0,0,0
0,0,0,0,0,0,0,0,0,0,0,0,0,0,0,0
0,0,0,0,0,0,0,0,0,0,0,0,0,0,0,0
0,0,0,0,0,0,0,0,0,0,0,0,0,0,0,0
0,0,0,0,0,0,0,0,0,0,0,0,0,0,0,0
0,0,0,0,0,0,0,0,0,0,0,0,0,0,0,0
0,0,0,0,0,0,0,0,0,0,0,0,0,0,0,0
0,0,0,0,0,0,0,0,0,0,0,0,0,0,0,0
0,0,0,0,0,0,0,0,0,0,0,0,0,0,0,0
0,0,0,0,0,0,0,0,0,0,0,0,0,0,0,0
0,0,0,0,0,0,0,0,0,0,0,0,0,0,0,0
0,0,0,0,0,0,0,0,0,0,0,0,0,0,0,0
0,0,0,0,0,0,0,0,0,0,0,0,0,0,0,0
0,0,0,0,0,0,0,0,0,0,0,0,0,0,0,0
0,0,0,0,0,0,0,0,0,0,0,0,0,0,0,0
0,0,0,0,0,0,0,0,0,0,0,0,0,0,0,0
0,0,0,0,0,0,0,0,0,0,0,0,0,0,0,0
0,0,0,0,0,0,0,0,0,0,0,0,0,0,0,0
0,0,0,0,0,0,0,0,0,0,0,0,0,0,0,0
0,0,0,0,0,0,0,0,0,0,0,0,0,0,0,0
0,0,0,0,0,0,0,0,0,0,0,0,0,0,0,0
0,0,0,0,0,0,0,0,0,0,0,0,0,0,0,0
0,0,0,0,0,0,0,0,0,0,0,0,0,0,0,0
0,0,0,0,0,0,0,0,0,0,0,0,0,0,0,0
0,0,0,0,0,0,0,0,0,0,0,0,0,0,0,0
0,0,0,0,0,0,0,0,0,0,0,0,0,0,0,0
0,0,0,0,0,0,0,0,0,0,0,0,0,0,0,0
0,0,0,0,0,0,0,0,0,0,0,0,0,0,0,0
0,0,0,0,0,0,0,0,0,0,0,0,0,0,0,0
0,0,0,0,0,0,0,0,0,0,0,0,0,0,0,0
0,0,0,0,0,0,0,0,0,0,0,0,0,0,0,0
0,0,0,0,0,0,0,0,0,0,0,0,0,0,0,0
0,0,0,0,0,0,0,0,0,0,0,0,0,0,0,0
0,0,0,0,0,0,0,0,0,0,0,0,0,0,0,0
0,0,0,0,0,0,0,0,0,0,0,0,0,0,0,0
0,0,0,0,0,0,0,0,0,0,0,0,0,0,0,0
0,0,0,0,0,0,0,0,0,0,0,0,0,0,0,0
0,0,0,0,0,0,0,0,0,0,0,0,0,0,0,0
0,0,0,0,0,0,0,0,0,0,0,0,0,0,0,0
0,0,0,0,0,0,0,0,0,0,0,0,0,0,0,0
0,0,0,0,0,0,0,0,0,0,0,0,0,0,0,0
0,0,0,0,0,0,0,0,0,0,0,0,0,0,0,0
0,0,0,0,0,0,0,0,0,0,0,0,0,0,0,0
0,0,0,0,0,0,0,0,0,0,0,0,0,0,0,0
0,0,0,0,0,0,0,0,0,0,0,0,0,0,0,0
0,0,0,0,0,0,0,0,0,0,0,0,0,0,0,0
0,0,0,0,0,0,0,0,0,0,0,0,0,0,0,0
0,0,0,0,0,0,0,0,0,0,0,0,0,0,0,0
0,0,0,0,0,0,0,0,0,0,0,0,0,0,0,0
0,0,0,0,0,0,0,0,0,0,0,0,0,0,0,0
0,0,0,0,0,0,0,0,0,0,0,0,0,0,0,0
0,0,0,0,0,0,0,0,0,0,0,0,0,0,0,0
0,0,0,0,0,0,0,0,0,0,0,0,0,0,0,0
0,0,0,0,0,0,0,0,0,0,0,0,0,0,0,0
0,0,0,0,0,0,0,0,0,0,0,0,0,0,0,0
0,0,0,0,0,0,0,0,0,0,0,0,0,0,0,0
0,0,0,0,0,0,0,0,0,0,0,0,0,0,0,0
0,0,0,0,0,0,0,0,0,0,0,0,0,0,0,0
0,0,0,0,0,0,0,0,0,0,0,0,0,0,0,0
0,0,0,0,0,0,0,0,0,0,0,0,0,0,0,0
0,0,0,0,0,0,0,0,0,0,0,0,0,0,0,0
0,0,0,0,0,0,0,0,0,0,0,0,0,0,0,0
0,0,0,0,0,0,0,0,0,0,0,0,0,0,0,0
0,0,0,0,0,0,0,0,0,0,0,0,0,0,0,0
0,0,0,0,0,0,0,0,0,0,0,0,0,0,0,0
0,0,0,0,0,0,0,0,0,0,0,0,0,0,0,0
0,0,0,0,0,0,0,0,0,0,0,0,0,0,0,0
0,0,0,0,0,0,0,0,0,0,0,0,0,0,0,0
0,0,0,0,0,0,0,0,0,0,0,0,0,0,0,0
0,0,0,0,0,0,0,0,0,0,0,0,0,0,0,0
0,0,0,0,0,0,0,0,0,0,0,0,0,0,0,0
0,0,0,0,0,0,0,0,0,0,0,0,0,0,0,0
0,0,0,0,0,0,0,0,0,0,0,0,0,0,0,0
0,0,0,0,0,0,0,0,0,0,0,0,0,0,0,0
0,0,0,0,0,0,0,0,0,0,0,0,0,0,0,0
0,0,0,0,0,0,0,0,0,0,0,0,0,0,0,0
0,0,0,0,0,0,0,0,0,0,0,0,0,0,0,0
0,0,0,0,0,0,0,0,0,0,0,0,0,0,0,0
0,0,0,0,0,0,0,0,0,0,0,0,0,0,0,0
0,0,0,0,0,0,0,0,0,0,0,0,0,0,0,0
0,0,0,0,0,0,0,0,0,0,0,0,0,0,0,0
0,0,0,0,0,0,0,0,0,0,0,0,0,0,0,0
0,0,0,0,0,0,0,0,0,0,0,0,0,0,0,0
0,0,0,0,0,0,0,0,0,0,0,0,0,0,0,0
0,0,0,0,0,0,0,0,0,0,0,0,0,0,0,0
0,0,0,0,0,0,0,0,0,0,0,0,0,0,0,0
0,0,0,0,0,0,0,0,0,0,0,0,0,0,0,0
0,0,0,0,0,0,0,0,0,0,0,0,0,0,0,0
0,0,0,0,0,0,0,0,0,0,0,0,0,0,0,0
0,0,0,0,0,0,0,0,0,0,0,0,0,0,0,0
0,0,0,0,0,0,0,0,0,0,0,0,0,0,0,0
0,0,0,0,0,0,0,0,0,0,0,0,0,0,0,0
0,0,0,0,0,0,0,0,0,0,0,0,0,0,0,0
0,0,0,0,0,0,0,0,0,0,0,0,0,0,0,0
0,0,0,0,0,0,0,0,0,0,0,0,0,0,0,0
0,0,0,0,0,0,0,0,0,0,0,0,0,0,0,0
0,0,0,0,0,0,0,0,0,0,0,0,0,0,0,0
0,0,0,0,0,0,0,0,0,0,0,0,0,0,0,0
0,0,0,0,0,0,0,0,0,0,0,0,0,0,0,0
0,0,0,0,0,0,0,0,0,0,0,0,0,0,0,0
0,0,0,0,0,0,0,0,0,0,0,0,0,0,0,0
0,0,0,0,0,0,0,0,0,0,0,0,0,0,0,0
0,0,0,0,0,0,0,0,0,0,0,0,0,0,0,0
0,0,0,0,0,0,0,0,0,0,0,0,0,0,0,0
0,0,0,0,0,0,0,0,0,0,0,0,0,0,0,0
0,0,0,0,0,0,0,0,0,0,0,0,0,0,0,0
0,0,0,0,0,0,0,0,0,0,0,0,0,0,0,0
0,0,0,0,0,0,0,0,0,0,0,0,0,0,0,0
0,0,0,0,0,0,0,0,0,0,0,0,0,0,0,0
0,0,0,0,0,0,0,0,0,0,0,0,0,0,0,0
0,0,0,0,0,0,0,0,0,0,0,0,0,0,0,0
0,0,0,0,0,0,0,0,0,0,0,0,0,0,0,0
0,0,0,0,0,0,0,0,0,0,0,0,0,0,0,0
0,0,0,0,0,0,0,0,0,0,0,0,0,0,0,0
0,0,0,0,0,0,0,0,0,0,0,0,0,0,0,0
0,0,0,0,0,0,0,0,0,0,0,0,0,0,0,0
0,0,0,0,0,0,0,0,0,0,0,0,0,0,0,0
0,0,0,0,0,0,0,0,0,0,0,0,0,0,0,0
0,0,0,0,0,0,0,0,0,0,0,0,0,0,0,0
0,0,0,0,0,0,0,0,0,0,0,0,0,0,0,0
0,0,0,0,0,0,0,0,0,0,0,0,0,0,0,0
0,0,0,0,0,0,0,0,0,0,0,0,0,0,0,0
0,0,0,0,0,0,0,0,0,0,0,0,0,0,0,0
0,0,0,0,0,0,0,0,0,0,0,0,0,0,0,0
0,0,0,0,0,0,0,0,0,0,0,0,0,0,0,0
0,0,0,0,0,0,0,0,0,0,0,0,0,0,0,0
0,0,0,0,0,0,0,0,0,0,0,0,0,0,0,0
0,0,0,0,0,0,0,0,0,0,0,0,0,0,0,0
0,0,0,0,0,0,0,0,0,0,0,0,0,0,0,0
0,0,0,0,0,0,0,0,0,0,0,0,0,0,0,0
0,0,0,0,0,0,0,0,0,0,0,0,0,0,0,0
0,0,0,0,0,0,0,0,0,0,0,0,0,0,0,0
0,0,0,0,0,0,0,0,0,0,0,0,0,0,0,0
0,0,0,0,0,0,0,0,0,0,0,0,0,0,0,0
0,0,0,0,0,0,0,0,0,0,0,0,0,0,0,0
0,0,0,0,0,0,0,0,0,0,0,0,0,0,0,0
0,0,0,0,0,0,0,0,0,0,0,0,0,0,0,0
0,0,0,0,0,0,0,0,0,0,0,0,0,0,0,0
0,0,0,0,0,0,0,0,0,0,0,0,0,0,0,0
0,0,0,0,0,0,0,0,0,0,0,0,0,0,0,0
0,0,0,0,0,0,0,0,0,0,0,0,0,0,0,0
0,0,0,0,0,0,0,0,0,0,0,0,0,0,0,0
0,0,0,0,0,0,0,0,0,0,0,0,0,0,0,0
0,0,0,0,0,0,0,0,0,0,0,0,0,0,0,0
0,0,0,0,0,0,0,0,0,0,0,0,0,0,0,0
0,0,0,0,0,0,0,0,0,0,0,0,0,0,0,0
0,0,0,0,0,0,0,0,0,0,0,0,0,0,0,0
0,0,0,0,0,0,0,0,0,0,0,0,0,0,0,0
0,0,0,0,0,0,0,0,0,0,0,0,0,0,0,0
0,0,0,0,0,0,0,0,0,0,0,0,0,0,0,0
0,0,0,0,0,0,0,0,0,0,0,0,0,0,0,0
0,0,0,0,0,0,0,0,0,0,0,0,0,0,0,0
0,0,0,0,0,0,0,0,0,0,0,0,0,0,0,0
0,0,0,0,0,0,0,0,0,0,0,0,0,0,0,0
0,0,0,0,0,0,0,0,0,0,0,0,0,0,0,0
0,0,0,0,0,0,0,0,0,0,0,0,0,0,0,0
0,0,0,0,0,0,0,0,0,0,0,0,0,0,0,0
0,0,0,0,0,0,0,0,0,0,0,0,0,0,0,0
0,0,0,0,0,0,0,0,0,0,0,0,0,0,0,0
0,0,0,0,0,0,0,0,0,0,0,0,0,0,0,0
0,0,0,0,0,0,0,0,0,0,0,0,0,0,0,0
0,0,0,0,0,0,0,0,0,0,0,0,0,0,0,0
0,0,0,0,0,0,0,0,0,0,0,0,0,0,0,0
0,0,0,0,0,0,0,0,0,0,0,0,0,0,0,0
0,0,0,0,0,0,0,0,0,0,0,0,0,0,0,0
0,0,0,0,0,0,0,0,0,0,0,0,0,0,0,0
0,0,0,0,0,0,0,0,0,0,0,0,0,0,0,0
0,0,0,0,0,0,0,0,0,0,0,0,0,0,0,0
0,0,0,0,0,0,0,0,0,0,0,0,0,0,0,0
0,0,0,0,0,0,0,0,0,0,0,0,0,0,0,0
0,0,0,0,0,0,0,0,0,0,0,0,0,0,0,0
0,0,0,0,0,0,0,0,0,0,0,0,0,0,0,0
0,0,0,0,0,0,0,0,0,0,0,0,0,0,0,0
0,0,0,0,0,0,0,0,0,0,0,0,0,0,0,0
0,0,0,0,0,0,0,0,0,0,0,0,0,0,0,0
0,0,0,0,0,0,0,0,0,0,0,0,0,0,0,0
0,0,0,0,0,0,0,0,0,0,0,0,0,0,0,0
0,0,0,0,0,0,0,0,0,0,0,0,0,0,0,0
0,0,0,0,0,0,0,0,0,0,0,0,0,0,0,0
0,0,0,0,0,0,0,0,0,0,0,0,0,0,0,0
0,0,0,0,0,0,0,0,0,0,0,0,0,0,0,0
0,0,0,0,0,0,0,0,0,0,0,0,0,0,0,0
0,0,0,0,0,0,0,0,0,0,0,0,0,0,0,0
0,0,0,0,0,0,0,0,0,0,0,0,0,0,0,0
0,0,0,0,0,0,0,0,0,0,0,0,0,0,0,0
0,0,0,0,0,0,0,0,0,0,0,0,0,0,0,0
0,0,0,0,0,0,0,0,0,0,0,0,0,0,0,0
0,0,0,0,0,0,0,0,0,0,0,0,0,0,0,0
0,0,0,0,0,0,0,0,0,0,0,0,0,0,0,0
0,0,0,0,0,0,0,0,0,0,0,0,0,0,0,0
0,0,0,0,0,0,0,0,0,0,0,0,0,0,0,0
0,0,0,0,0,0,0,0,0,0,0,0,0,0,0,0
0,0,0,0,0,0,0,0,0,0,0,0,0,0,0,0
0,0,0,0,0,0,0,0,0,0,0,0,0,0,0,0
0,0,0,0,0,0,0,0,0,0,0,0,0,0,0,0
0,0,0,0,0,0,0,0,0,0,0,0,0,0,0,0
0,0,0,0,0,0,0,0,0,0,0,0,0,0,0,0
0,0,0,0,0,0,0,0,0,0,0,0,0,0,0,0
0,0,0,0,0,0,0,0,0,0,0,0,0,0,0,0
0,0,0,0,0,0,0,0,0,0,0,0,0,0,0,0
0,0,0,0,0,0,0,0,0,0,0,0,0,0,0,0
0,0,0,0,0,0,0,0,0,0,0,0,0,0,0,0
0,0,0,0,0,0,0,0,0,0,0,0,0,0,0,0
0,0,0,0,0,0,0,0,0,0,0,0,0,0,0,0
0,0,0,0,0,0,0,0,0,0,0,0,0,0,0,0
0,0,0,0,0,0,0,0,0,0,0,0,0,0,0,0
0,0,0,0,0,0,0,0,0,0,0,0,0,0,0,0
0,0,0,0,0,0,0,0,0,0,0,0,0,0,0,0
0,0,0,0,0,0,0,0,0,0,0,0,0,0,0,0
0,0,0,0,0,0,0,0,0,0,0,0,0,0,0,0
0,0,0,0,0,0,0,0,0,0,0,0,0,0,0,0
0,0,0,0,0,0,0,0,0,0,0,0,0,0,0,0
0,0,0,0,0,0,0,0,0,0,0,0,0,0,0,0
0,0,0,0,0,0,0,0,0,0,0,0,0,0,0,0
0,0,0,0,0,0,0,0,0,0,0,0,0,0,0,0
0,0,0,0,0,0,0,0,0,0,0,0,0,0,0,0
0,0,0,0,0,0,0,0,0,0,0,0,0,0,0,0
0,0,0,0,0,0,0,0,0,0,0,0,0,0,0,0
0,0,0,0,0,0,0,0,0,0,0,0,0,0,0,0
0,0,0,0,0,0,0,0,0,0,0,0,0,0,0,0
0,0,0,0,0,0,0,0,0,0,0,0,0,0,0,0
0,0,0,0,0,0,0,0,0,0,0,0,0,0,0,0
0,0,0,0,0,0,0,0,0,0,0,0,0,0,0,0
0,0,0,0,0,0,0,0,0,0,0,0,0,0,0,0
0,0,0,0,0,0,0,0,0,0,0,0,0,0,0,0
0,0,0,0,0,0,0,0,0,0,0,0,0,0,0,0
0,0,0,0,0,0,0,0,0,0,0,0,0,0,0,0
0,0,0,0,0,0,0,0,0,0,0,0,0,0,0,0
0,0,0,0,0,0,0,0,0,0,0,0,0,0,0,0
0,0,0,0,0,0,0,0,0,0,0,0,0,0,0,0
0,0,0,0,0,0,0,0,0,0,0,0,0,0,0,0
0,0,0,0,0,0,0,0,0,0,0,0,0,0,0,0
0,0,0,0,0,0,0,0,0,0,0,0,0,0,0,0
0,0,0,0,0,0,0,0,0,0,0,0,0,0,0,0
0,0,0,0,0,0,0,0,0,0,0,0,0,0,0,0
0,0,0,0,0,0,0,0,0,0,0,0,0,0,0,0
0,0,0,0,0,0,0,0,0,0,0,0,0,0,0,0
0,0,0,0,0,0,0,0,0,0,0,0,0,0,0,0
0,0,0,0,0,0,0,0,0,0,0,0,0,0,0,0
0,0,0,0,0,0,0,0,0,0,0,0,0,0,0,0
0,0,0,0,0,0,0,0,0,0,0,0,0,0,0,0
0,0,0,0,0,0,0,0,0,0,0,0,0,0,0,0
0,0,0,0,0,0,0,0,0,0,0,0,0,0,0,0
0,0,0,0,0,0,0,0,0,0,0,0,0,0,0,0
0,0,0,0,0,0,0,0,0,0,0,0,0,0,0,0
0,0,0,0,0,0,0,0,0,0,0,0,0,0,0,0
0,0,0,0,0,0,0,0,0,0,0,0,0,0,0,0
0,0,0,0,0,0,0,0,0,0,0,0,0,0,0,0
0,0,0,0,0,0,0,0,0,0,0,0,0,0,0,0
0,0,0,0,0,0,0,0,0,0,0,0,0,0,0,0
0,0,0,0,0,0,0,0,0,0,0,0,0,0,0,0
0,0,0,0,0,0,0,0,0,0,0,0,0,0,0,0
0,0,0,0,0,0,0,0,0,0,0,0,0,0,0,0
0,0,0,0,0,0,0,0,0,0,0,0,0,0,0,0
0,0,0,0,0,0,0,0,0,0,0,0,0,0,0,0
0,0,0,0,0,0,0,0,0,0,0,0,0,0,0,0
0,0,0,0,0,0,0,0,0,0,0,0,0,0,0,0
0,0,0,0,0,0,0,0,0,0,0,0,0,0,0,0
0,0,0,0,0,0,0,0,0,0,0,0,0,0,0,0
0,0,0,0,0,0,0,0,0,0,0,0,0,0,0,0
0,0,0,0,0,0,0,0,0,0,0,0,0,0,0,0
0,0,0,0,0,0,0,0,0,0,0,0,0,0,0,0
0,0,0,0,0,0,0,0,0,0,0,0,0,0,0,0
0,0,0,0,0,0,0,0,0,0,0,0,0,0,0,0
0,0,0,0,0,0,0,0,0,0,0,0,0,0,0,0
0,0,0,0,0,0,0,0,0,0,0,0,0,0,0,0
0,0,0,0,0,0,0,0,0,0,0,0,0,0,0,0
0,0,0,0,0,0,0,0,0,0,0,0,0,0,0,0
0,0,0,0,0,0,0,0,0,0,0,0,0,0,0,0
0,0,0,0,0,0,0,0,0,0,0,0,0,0,0,0
0,0,0,0,0,0,0,0,0,0,0,0,0,0,0,0
0,0,0,0,0,0,0,0,0,0,0,0,0,0,0,0
0,0,0,0,0,0,0,0,0,0,0,0,0,0,0,0
0,0,0,0,0,0,0,0,0,0,0,0,0,0,0,0
0,0,0,0,0,0,0,0,0,0,0,0,0,0,0,0
0,0,0,0,0,0,0,0,0,0,0,0,0,0,0,0
0,0,0,0,0,0,0,0,0,0,0,0,0,0,0,0
0,0,0,0,0,0,0,0,0,0,0,0,0,0,0,0
0,0,0,0,0,0,0,0,0,0,0,0,0,0,0,0
0,0,0,0,0,0,0,0,0,0,0,0,0,0,0,0
0,0,0,0,0,0,0,0,0,0,0,0,0,0,0,0
0,0,0,0,0,0,0,0,0,0,0,0,0,0,0,0
0,0,0,0,0,0,0,0,0,0,0,0,0,0,0,0
0,0,0,0,0,0,0,0,0,0,0,0,0,0,0,0
0,0,0,0,0,0,0,0,0,0,0,0,0,0,0,0
0,0,0,0,0,0,0,0,0,0,0,0,0,0,0,0
0,0,0,0,0,0,0,0,0,0,0,0,0,0,0,0
0,0,0,0,0,0,0,0,0,0,0,0,0,0,0,0
0,0,0,0,0,0,0,0,0,0,0,0,0,0,0,0
0,0,0,0,0,0,0,0,0,0,0,0,0,0,0,0
0,0,0,0,0,0,0,0,0,0,0,0,0,0,0,0
0,0,0,0,0,0,0,0,0,0,0,0,0,0,0,0
0,0,0,0,0,0,0,0,0,0,0,0,0,0,0,0
0,0,0,0,0,0,0,0,0,0,0,0,0,0,0,0
0,0,0,0,0,0,0,0,0,0,0,0,0,0,0,0
0,0,0,0,0,0,0,0,0,0,0,0,0,0,0,0
0,0,0,0,0,0,0,0,0,0,0,0,0,0,0,0
0,0,0,0,0,0,0,0,0,0,0,0,0,0,0,0
0,0,0,0,0,0,0,0,0,0,0,0,0,0,0,0
0,0,0,0,0,0,0,0,0,0,0,0,0,0,0,0
0,0,0,0,0,0,0,0,0,0,0,0,0,0,0,0
0,0,0,0,0,0,0,0,0,0,0,0,0,0,0,0
0,0,0,0,0,0,0,0,0,0,0,0,0,0,0,0
0,0,0,0,0,0,0,0,0,0,0,0,0,0,0,0
0,0,0,0,0,0,0,0,0,0,0,0,0,0,0,0
0,0,0,0,0,0,0,0,0,0,0,0,0,0,0,0
0,0,0,0,0,0,0,0,0,0,0,0,0,0,0,0
0,0,0,0,0,0,0,0,0,0,0,0,0,0,0,0
0,0,0,0,0,0,0,0,0,0,0,0,0,0,0,0
0,0,0,0,0,0,0,0,0,0,0,0,0,0,0,0
0,0,0,0,0,0,0,0,0,0,0,0,0,0,0,0
0,0,0,0,0,0,0,0,0,0,0,0,0,0,0,0
0,0,0,0,0,0,0,0,0,0,0,0,0,0,0,0
0,0,0,0,0,0,0,0,0,0,0,0,0,0,0,0
0,0,0,0,0,0,0,0,0,0,0,0,0,0,0,0
0,0,0,0,0,0,0,0,0,0,0,0,0,0,0,0
0,0,0,0,0,0,0,0,0,0,0,0,0,0,0,0
0,0,0,0,0,0,0,0,0,0,0,0,0,0,0,0
0,0,0,0,0,0,0,0,0,0,0,0,0,0,0,0
0,0,0,0,0,0,0,0,0,0,0,0,0,0,0,0
0,0,0,0,0,0,0,0,0,0,0,0,0,0,0,0
0,0,0,0,0,0,0,0,0,0,0,0,0,0,0,0
0,0,0,0,0,0,0,0,0,0,0,0,0,0,0,0
0,0,0,0,0,0,0,0,0,0,0,0,0,0,0,0
0,0,0,0,0,0,0,0,0,0,0,0,0,0,0,0
0,0,0,0,0,0,0,0,0,0,0,0,0,0,0,0
0,0,0,0,0,0,0,0,0,0,0,0,0,0,0,0
0,0,0,0,0,0,0,0,0,0,0,0,0,0,0,0
0,0,0,0,0,0,0,0,0,0,0,0,0,0,0,0
0,0,0,0,0,0,0,0,0,0,0,0,0,0,0,0
0,0,0,0,0,0,0,0,0,0,0,0,0,0,0,0
0,0,0,0,0,0,0,0,0,0,0,0,0,0,0,0
0,0,0,0,0,0,0,0,0,0,0,0,0,0,0,0
0,0,0,0,0,0,0,0,0,0,0,0,0,0,0,0
0,0,0,0,0,0,0,0,0,0,0,0,0,0,0,0
0,0,0,0,0,0,0,0,0,0,0,0,0,0,0,0
0,0,0,0,0,0,0,0,0,0,0,0,0,0,0,0
0,0,0,0,0,0,0,0,0,0,0,0,0,0,0,0
0,0,0,0,0,0,0,0,0,0,0,0,0,0,0,0
0,0,0,0,0,0,0,0,0,0,0,0,0,0,0,0
0,0,0,0,0,0,0,0,0,0,0,0,0,0,0,0
0,0,0,0,0,0,0,0,0,0,0,0,0,0,0,0
0,0,0,0,0,0,0,0,0,0,0,0,0,0,0,0
0,0,0,0,0,0,0,0,0,0,0,0,0,0,0,0
0,0,0,0,0,0,0,0,0,0,0,0,0,0,0,0
0,0,0,0,0,0,0,0,0,0,0,0,0,0,0,0
0,0,0,0,0,0,0,0,0,0,0,0,0,0,0,0
0,0,0,0,0,0,0,0,0,0,0,0,0,0,0,0
0,0,0,0,0,0,0,0,0,0,0,0,0,0,0,0
0,0,0,0,0,0,0,0,0,0,0,0,0,0,0,0
0,0,0,0,0,0,0,0,0,0,0,0,0,0,0,0
0,0,0,0,0,0,0,0,0,0,0,0,0,0,0,0
0,0,0,0,0,0,0,0,0,0,0,0,0,0,0,0
0,0,0,0,0,0,0,0,0,0,0,0,0,0,0,0
0,0,0,0,0,0,0,0,0,0,0,0,0,0,0,0
0,0,0,0,0,0,0,0,0,0,0,0,0,0,0,0
0,0,0,0,0,0,0,0,0,0,0,0,0,0,0,0
0,0,0,0,0,0,0,0,0,0,0,0,0,0,0,0
0,0,0,0,0,0,0,0,0,0,0,0,0,0,0,0
0,0,0,0,0,0,0,0,0,0,0,0,0,0,0,0
0,0,0,0,0,0,0,0,0,0,0,0,0,0,0,0
0,0,0,0,0,0,0,0,0,0,0,0,0,0,0,0
0,0,0,0,0,0,0,0,0,0,0,0,0,0,0,0
0,0,0,0,0,0,0,0,0,0,0,0,0,0,0,0
0,0,0,0,0,0,0,0,0,0,0,0,0,0,0,0
0,0,0,0,0,0,0,0,0,0,0,0,0,0,0,0
0,0,0,0,0,0,0,0,0,0,0,0,0,0,0,0
0,0,0,0,0,0,0,0,0,0,0,0,0,0,0,0
0,0,0,0,0,0,0,0,0,0,0,0,0,0,0,0
0,0,0,0,0,0,0,0,0,0,0,0,0,0,0,0
0,0,0,0,0,0,0,0,0,0,0,0,0,0,0,0
0,0,0,0,0,0,0,0,0,0,0,0,0,0,0,0
0,0,0,0,0,0,0,0,0,0,0,0,0,0,0,0
0,0,0,0,0,0,0,0,0,0,0,0,0,0,0,0
0,0,0,0,0,0,0,0,0,0,0,0,0,0,0,0
0,0,0,0,0,0,0,0,0,0,0,0,0,0,0,0
0,0,0,0,0,0,0,0,0,0,0,0,0,0,0,0
0,0,0,0,0,0,0,0,0,0,0,0,0,0,0,0
0,0,0,0,0,0,0,0,0,0,0,0,0,0,0,0
0,0,0,0,0,0,0,0,0,0,0,0,0,0,0,0
0,0,0,0,0,0,0,0,0,0,0,0,0,0,0,0
0,0,0,0,0,0,0,0,0,0,0,0,0,0,0,0
0,0,0,0,0,0,0,0,0,0,0,0,0,0,0,0
0,0,0,0,0,0,0,0,0,0,0,0,0,0,0,0
0,0,0,0,0,0,0,0,0,0,0,0,0,0,0,0
0,0,0,0,0,0,0,0,0,0,0,0,0,0,0,0
0,0,0,0,0,0,0,0,0,0,0,0,0,0,0,0
0,0,0,0,0,0,0,0,0,0,0,0,0,0,0,0
0,0,0,0,0,0,0,0,0,0,0,0,0,0,0,0
0,0,0,0,0,0,0,0,0,0,0,0,0,0,0,0
0,0,0,0,0,0,0,0,0,0,0,0,0,0,0,0
0,0,0,0,0,0,0,0,0,0,0,0,0,0,0,0
0,0,0,0,0,0,0,0,0,0,0,0,0,0,0,0
0,0,0,0,0,0,0,0,0,0,0,0,0,0,0,0
0,0,0,0,0,0,0,0,0,0,0,0,0,0,0,0
0,0,0,0,0,0,0,0,0,0,0,0,0,0,0,0
0,0,0,0,0,0,0,0,0,0,0,0,0,0,0,0
0,0,0,0,0,0,0,0,0,0,0,0,0,0,0,0
0,0,0,0,0,0,0,0,0,0,0,0,0,0,0,0
0,0,0,0,0,0,0,0,0,0,0,0,0,0,0,0
0,0,0,0,0,0,0,0,0,0,0,0,0,0,0,0
0,0,0,0,0,0,0,0,0,0,0,0,0,0,0,0
0,0,0,0,0,0,0,0,0,0,0,0,0,0,0,0
0,0,0,0,0,0,0,0,0,0,0,0,0,0,0,0
0,0,0,0,0,0,0,0,0,0,0,0,0,0,0,0
0,0,0,0,0,0,0,0,0,0,0,0,0,0,0,0
0,0,0,0,0,0,0,0,0,0,0,0,0,0,0,0
0,0,0,0,0,0,0,0,0,0,0,0,0,0,0,0
0,0,0,0,0,0,0,0,0,0,0,0,0,0,0,0
0,0,0,0,0,0,0,0,0,0,0,0,0,0,0,0
0,0,0,0,0,0,0,0,0,0,0,0,0,0,0,0
0,0,0,0,0,0,0,0,0,0,0,0,0,0,0,0
0,0,0,0,0,0,0,0,0,0,0,0,0,0,0,0
0,0,0,0,0,0,0,0,0,0,0,0,0,0,0,0
0,0,0,0,0,0,0,0,0,0,0,0,0,0,0,0
0,0,0,0,0,0,0,0,0,0,0,0,0,0,0,0
0,0,0,0,0,0,0,0,0,0,0,0,0,0,0,0
0,0,0,0,0,0,0,0,0,0,0,0,0,0,0,0
0,0,0,0,0,0,0,0,0,0,0,0,0,0,0,0
0,0,0,0,0,0,0,0,0,0,0,0,0,0,0,0
0,0,0,0,0,0,0,0,0,0,0,0,0,0,0,0
0,0,0,0,0,0,0,0,0,0,0,0,0,0,0,0
0,0,0,0,0,0,0,0,0,0,0,0,0,0,0,0
0,0,0,0,0,0,0,0,0,0,0,0,0,0,0,0
0,0,0,0,0,0,0,0,0,0,0,0,0,0,0,0
0,0,0,0,0,0,0,0,0,0,0,0,0,0,0,0
0,0,0,0,0,0,0,0,0,0,0,0,0,0,0,0
0,0,0,0,0,0,0,0,0,0,0,0,0,0,0,0
0,0,0,0,0,0,0,0,0,0,0,0,0,0,0,0
0,0,0,0,0,0,0,0,0,0,0,0,0,0,0,0
0,0,0,0,0,0,0,0,0,0,0,0,0,0,0,0
0,0,0,0,0,0,0,0,0,0,0,0,0,0,0,0
0,0,0,0,0,0,0,0,0,0,0,0,0,0,0,0
0,0,0,0,0,0,0,0,0,0,0,0,0,0,0,0
0,0,0,0,0,0,0,0,0,0,0,0,0,0,0,0
0,0,0,0,0,0,0,0,0,0,0,0,0,0,0,0
0,0,0,0,0,0,0,0,0,0,0,0,0,0,0,0
0,0,0,0,0,0,0,0,0,0,0,0,0,0,0,0
0,0,0,0,0,0,0,0,0,0,0,0,0,0,0,0
0,0,0,0,0,0,0,0,0,0,0,0,0,0,0,0
0,0,0,0,0,0,0,0,0,0,0,0,0,0,0,0
0,0,0,0,0,0,0,0,0,0,0,0,0,0,0,0
0,0,0,0,0,0,0,0,0,0,0,0,0,0,0,0
0,0,0,0,0,0,0,0,0,0,0,0,0,0,0,0
0,0,0,0,0,0,0,0,0,0,0,0,0,0,0,0
0,0,0,0,0,0,0,0,0,0,0,0,0,0,0,0
0,0,0,0,0,0,0,0,0,0,0,0,0,0,0,0
0,0,0,0,0,0,0,0,0,0,0,0,0,0,0,0
0,0,0,0,0,0,0,0,0,0,0,0,0,0,0,0
0,0,0,0,0,0,0,0,0,0,0,0,0,0,0,0
0,0,0,0,0,0,0,0,0,0,0,0,0,0,0,0
0,0,0,0,0,0,0,0,0,0,0,0,0,0,0,0
0,0,0,0,0,0,0,0,0,0,0,0,0,0,0,0
0,0,0,0,0,0,0,0,0,0,0,0,0,0,0,0
0,0,0,0,0,0,0,0,0,0,0,0,0,0,0,0
0,0,0,0,0,0,0,0,0,0,0,0,0,0,0,0
0,0,0,0,0,0,0,0,0,0,0,0,0,0,0,0
0,0,0,0,0,0,0,0,0,0,0,0,0,0,0,0
0,0,0,0,0,0,0,0,0,0,0,0,0,0,0,0
0,0,0,0,0,0,0,0,0,0,0,0,0,0,0,0
0,0,0,0,0,0,0,0,0,0,0,0,0,0,0,0
0,0,0,0,0,0,0,0,0,0,0,0,0,0,0,0
0,0,0,0,0,0,0,0,0,0,0,0,0,0,0,0
0,0,0,0,0,0,0,0,0,0,0,0,0,0,0,0
0,0,0,0,0,0,0,0,0,0,0,0,0,0,0,0
0,0,0,0,0,0,0,0,0,0,0,0,0,0,0,0
0,0,0,0,0,0,0,0,0,0,0,0,0,0,0,0
0,0,0,0,0,0,0,0,0,0,0,0,0,0,0,0
0,0,0,0,0,0,0,0,0,0,0,0,0,0,0,0
0,0,0,0,0,0,0,0,0,0,0,0,0,0,0,0
0,0,0,0,0,0,0,0,0,0,0,0,0,0,0,0
0,0,0,0,0,0,0,0,0,0,0,0,0,0,0,0
0,0,0,0,0,0,0,0,0,0,0,0,0,0,0,0
0,0,0,0,0,0,0,0,0,0,0,0,0,0,0,0
0,0,0,0,0,0,0,0,0,0,0,0,0,0,0,0
0,0,0,0,0,0,0,0,0,0,0,0,0,0,0,0
0,0,0,0,0,0,0,0,0,0,0,0,0,0,0,0
0,0,0,0,0,0,0,0,0,0,0,0,0,0,0,0
0,0,0,0,0,0,0,0,0,0,0,0,0,0,0,0
0,0,0,0,0,0,0,0,0,0,0,0,0,0,0,0
0,0,0,0,0,0,0,0,0,0,0,0,0,0,0,0
0,0,0,0,0,0,0,0,0,0,0,0,0,0,0,0
0,0,0,0,0,0,0,0,0,0,0,0,0,0,0,0
0,0,0,0,0,0,0,0,0,0,0,0,0,0,0,0
0,0,0,0,0,0,0,0,0,0,0,0,0,0,0,0
0,0,0,0,0,0,0,0,0,0,0,0,0,0,0,0
0,0,0,0,0,0,0,0,0,0,0,0,0,0,0,0
0,0,0,0,0,0,0,0,0,0,0,0,0,0,0,0
0,0,0,0,0,0,0,0,0,0,0,0,0,0,0,0
0,0,0,0,0,0,0,0,0,0,0,0,0,0,0,0
0,0,0,0,0,0,0,0,0,0,0,0,0,0,0,0
0,0,0,0,0,0,0,0,0,0,0,0,0,0,0,0
0,0,0,0,0,0,0,0,0,0,0,0,0,0,0,0
0,0,0,0,0,0,0,0,0,0,0,0,0,0,0,0
0,0,0,0,0,0,0,0,0,0,0,0,0,0,0,0
0,0,0,0,0,0,0,0,0,0,0,0,0,0,0,0
0,0,0,0,0,0,0,0,0,0,0,0,0,0,0,0
0,0,0,0,0,0,0,0,0,0,0,0,0,0,0,0
0,0,0,0,0,0,0,0,0,0,0,0,0,0,0,0
0,0,0,0,0,0,0,0,0,0,0,0,0,0,0,0
0,0,0,0,0,0,0,0,0,0,0,0,0,0,0,0
0,0,0,0,0,0,0,0,0,0,0,0,0,0,0,0
0,0,0,0,0,0,0,0,0,0,0,0,0,0,0,0
0,0,0,0,0,0,0,0,0,0,0,0,0,0,0,0
0,0,0,0,0,0,0,0,0,0,0,0,0,0,0,0
0,0,0,0,0,0,0,0,0,0,0,0,0,0,0,0
0,0,0,0,0,0,0,0,0,0,0,0,0,0,0,0
0,0,0,0,0,0,0,0,0,0,0,0,0,0,0,0
0,0,0,0,0,0,0,0,0,0,0,0,0,0,0,0
0,0,0,0,0,0,0,0,0,0,0,0,0,0,0,0
0,0,0,0,0,0,0,0,0,0,0,0,0,0,0,0
0,0,0,0,0,0,0,0,0,0,0,0,0,0,0,0
0,0,0,0,0,0,0,0,0,0,0,0,0,0,0,0
0,0,0,0,0,0,0,0,0,0,0,0,0,0,0,0
0,0,0,0,0,0,0,0,0,0,0,0,0,0,0,0
0,0,0,0,0,0,0,0,0,0,0,0,0,0,0,0
0,0,0,0,0,0,0,0,0,0,0,0,0,0,0,0
0,0,0,0,0,0,0,0,0,0,0,0,0,0,0,0
0,0,0,0,0,0,0,0,0,0,0,0,0,0,0,0
0,0,0,0,0,0,0,0,0,0,0,0,0,0,0,0
0,0,0,0,0,0,0,0,0,0,0,0,0,0,0,0
0,0,0,0,0,0,0,0,0,0,0,0,0,0,0,0
0,0,0,0,0,0,0,0,0,0,0,0,0,0,0,0
0,0,0,0,0,0,0,0,0,0,0,0,0,0,0,0
0,0,0,0,0,0,0,0,0,0,0,0,0,0,0,0
0,0,0,0,0,0,0,0,0,0,0,0,0,0,0,0
0,0,0,0,0,0,0,0,0,0,0,0,0,0,0,0
0,0,0,0,0,0,0,0,0,0,0,0,0,0,0,0
0,0,0,0,0,0,0,0,0,0,0,0,0,0,0,0
0,0,0,0,0,0,0,0,0,0,0,0,0,0,0,0
0,0,0,0,0,0,0,0,0,0,0,0,0,0,0,0
0,0,0,0,0,0,0,0,0,0,0,0,0,0,0,0
0,0,0,0,0,0,0,0,0,0,0,0,0,0,0,0
0,0,0,0,0,0,0,0,0,0,0,0,0,0,0,0
0,0,0,0,0,0,0,0,0,0,0,0,0,0,0,0
0,0,0,0,0,0,0,0,0,0,0,0,0,0,0,0
0,0,0,0,0,0,0,0,0,0,0,0,0,0,0,0
0,0,0,0,0,0,0,0,0,0,0,0,0,0,0,0
0,0,0,0,0,0,0,0,0,0,0,0,0,0,0,0
0,0,0,0,0,0,0,0,0,0,0,0,0,0,0,0
0,0,0,0,0,0,0,0,0,0,0,0,0,0,0,0
0,0,0,0,0,0,0,0,0,0,0,0,0,0,0,0
0,0,0,0,0,0,0,0,0,0,0,0,0,0,0,0
0,0,0,0,0,0,0,0,0,0,0,0,0,0,0,0
0,0,0,0,0,0,0,0,0,0,0,0,0,0,0,0
0,0,0,0,0,0,0,0,0,0,0,0,0,0,0,0
0,0,0,0,0,0,0,0,0,0,0,0,0,0,0,0
0,0,0,0,0,0,0,0,0,0,0,0,0,0,0,0
0,0,0,0,0,0,0,0,0,0,0,0,0,0,0,0
0,0,0,0,0,0,0,0,0,0,0,0,0,0,0,0
0,0,0,0,0,0,0,0,0,0,0,0,0,0,0,0
0,0,0,0,0,0,0,0,0,0,0,0,0,0,0,0
0,0,0,0,0,0,0,0,0,0,0,0,0,0,0,0
0,0,0,0,0,0,0,0,0,0,0,0,0,0,0,0
0,0,0,0,0,0,0,0,0,0,0,0,0,0,0,0
0,0,0,0,0,0,0,0,0,0,0,0,0,0,0,0
0,0,0,0,0,0,0,0,0,0,0,0,0,0,0,0
0,0,0,0,0,0,0,0,0,0,0,0,0,0,0,0
0,0,0,0,0,0,0,0,0,0,0,0,0,0,0,0
0,0,0,0,0,0,0,0,0,0,0,0,0,0,0,0
0,0,0,0,0,0,0,0,0,0,0,0,0,0,0,0
0,0,0,0,0,0,0,0,0,0,0,0,0,0,0,0
0,0,0,0,0,0,0,0,0,0,0,0,0,0,0,0
0,0,0,0,0,0,0,0,0,0,0,0,0,0,0,0
0,0,0,0,0,0,0,0,0,0,0,0,0,0,0,0
0,0,0,0,0,0,0,0,0,0,0,0,0,0,0,0
0,0,0,0,0,0,0,0,0,0,0,0,0,0,0,0
0,0,0,0,0,0,0,0,0,0,0,0,0,0,0,0
0,0,0,0,0,0,0,0,0,0,0,0,0,0,0,0
0,0,0,0,0,0,0,0,0,0,0,0,0,0,0,0
0,0,0,0,0,0,0,0,0,0,0,0,0,0,0,0
0,0,0,0,0,0,0,0,0,0,0,0,0,0,0,0
0,0,0,0,0,0,0,0,0,0,0,0,0,0,0,0
0,0,0,0,0,0,0,0,0,0,0,0,0,0,0,0
0,0,0,0,0,0,0,0,0,0,0,0,0,0,0,0
0,0,0,0,0,0,0,0,0,0,0,0,0,0,0,0
0,0,0,0,0,0,0,0,0,0,0,0,0,0,0,0
0,0,0,0,0,0,0,0,0,0,0,0,0,0,0,0
0,0,0,0,0,0,0,0,0,0,0,0,0,0,0,0
0,0,0,0,0,0,0,0,0,0,0,0,0,0,0,0
0,0,0,0,0,0,0,0,0,0,0,0,0,0,0,0
0,0,0,0,0,0,0,0,0,0,0,0,0,0,0,0
0,0,0,0,0,0,0,0,0,0,0,0,0,0,0,0
0,0,0,0,0,0,0,0,0,0,0,0,0,0,0,0
0,0,0,0,0,0,0,0,0,0,0,0,0,0,0,0
0,0,0,0,0,0,0,0,0,0,0,0,0,0,0,0
0,0,0,0,0,0,0,0,0,0,0,0,0,0,0,0
0,0,0,0,0,0,0,0,0,0,0,0,0,0,0,0
0,0,0,0,0,0,0,0,0,0,0,0,0,0,0,0
0,0,0,0,0,0,0,0,0,0,0,0,0,0,0,0
0,0,0,0,0,0,0,0,0,0,0,0,0,0,0,0
0,0,0,0,0,0,0,0,0,0,0,0,0,0,0,0
0,0,0,0,0,0,0,0,0,0,0,0,0,0,0,0
0,0,0,0,0,0,0,0,0,0,0,0,0,0,0,0
0,0,0,0,0,0,0,0,0,0,0,0,0,0,0,0
0,0,0,0,0,0,0,0,0,0,0,0,0,0,0,0
0,0,0,0,0,0,0,0,0,0,0,0,0,0,0,0
0,0,0,0,0,0,0,0,0,0,0,0,0,0,0,0
0,0,0,0,0,0,0,0,0,0,0,0,0,0,0,0
0,0,0,0,0,0,0,0,0,0,0,0,0,0,0,0
0,0,0,0,0,0,0,0,0,0,0,0,0,0,0,0
0,0,0,0,0,0,0,0,0,0,0,0,0,0,0,0
0,0,0,0,0,0,0,0,0,0,0,0,0,0,0,0
0,0,0,0,0,0,0,0,0,0,0,0,0,0,0,0
0,0,0,0,0,0,0,0,0,0,0,0,0,0,0,0
0,0,0,0,0,0,0,0,0,0,0,0,0,0,0,0
0,0,0,0,0,0,0,0,0,0,0,0,0,0,0,0
0,0,0,0,0,0,0,0,0,0,0,0,0,0,0,0
0,0,0,0,0,0,0,0,0,0,0,0,0,0,0,0
0,0,0,0,0,0,0,0,0,0,0,0,0,0,0,0
0,0,0,0,0,0,0,0,0,0,0,0,0,0,0,0
0,0,0,0,0,0,0,0,0,0,0,0,0,0,0,0
0,0,0,0,0,0,0,0,0,0,0,0,0,0,0,0
0,0,0,0,0,0,0,0,0,0,0,0,0,0,0,0
0,0,0,0,0,0,0,0,0,0,0,0,0,0,0,0
0,0,0,0,0,0,0,0,0,0,0,0,0,0,0,0
0,0,0,0,0,0,0,0,0,0,0,0,0,0,0,0
0,0,0,0,0,0,0,0,0,0,0,0,0,0,0,0
0,0,0,0,0,0,0,0,0,0,0,0,0,0,0,0
0,0,0,0,0,0,0,0,0,0,0,0,0,0,0,0
0,0,0,0,0,0,0,0,0,0,0,0,0,0,0,0
0,0,0,0,0,0,0,0,0,0,0,0,0,0,0,0
0,0,0,0,0,0,0,0,0,0,0,0,0,0,0,0
0,0,0,0,0,0,0,0,0,0,0,0,0,0,0,0
0,0,0,0,0,0,0,0,0,0,0,0,0,0,0,0
0,0,0,0,0,0,0,0,0,0,0,0,0,0,0,0
0,0,0,0,0,0,0,0,0,0,0,0,0,0,0,0
0,0,0,0,0,0,0,0,0,0,0,0,0,0,0,0
0,0,0,0,0,0,0,0,0,0,0,0,0,0,0,0
0,0,0,0,0,0,0,0,0,0,0,0,0,0,0,0
0,0,0,0,0,0,0,0,0,0,0,0,0,0,0,0
0,0,0,0,0,0,0,0,0,0,0,0,0,0,0,0
0,0,0,0,0,0,0,0,0,0,0,0,0,0,0,0
0,0,0,0,0,0,0,0,0,0,0,0,0,0,0,0
0,0,0,0,0,0,0,0,0,0,0,0,0,0,0,0
0,0,0,0,0,0,0,0,0,0,0,0,0,0,0,0
0,0,0,0,0,0,0,0,0,0,0,0,0,0,0,0
0,0,0,0,0,0,0,0,0,0,0,0,0,0,0,0
0,0,0,0,0,0,0,0,0,0,0,0,0,0,0,0
0,0,0,0,0,0,0,0,0,0,0,0,0,0,0,0
0,0,0,0,0,0,0,0,0,0,0,0,0,0,0,0
0,0,0,0,0,0,0,0,0,0,0,0,0,0,0,0
0,0,0,0,0,0,0,0,0,0,0,0,0,0,0,0
0,0,0,0,0,0,0,0,0,0,0,0,0,0,0,0
0,0,0,0,0,0,0,0,0,0,0,0,0,0,0,0
0,0,0,0,0,0,0,0,0,0,0,0,0,0,0,0
0,0,0,0,0,0,0,0,0,0,0,0,0,0,0,0
0,0,0,0,0,0,0,0,0,0,0,0,0,0,0,0
0,0,0,0,0,0,0,0,0,0,0,0,0,0,0,0
0,0,0,0,0,0,0,0,0,0,0,0,0,0,0,0
0,0,0,0,0,0,0,0,0,0,0,0,0,0,0,0
0,0,0,0,0,0,0,0,0,0,0,0,0,0,0,0
0,0,0,0,0,0,0,0,0,0,0,0,0,0,0,0
0,0,0,0,0,0,0,0,0,0,0,0,0,0,0,0
0,0,0,0,0,0,0,0,0,0,0,0,0,0,0,0
0,0,0,0,0,0,0,0,0,0,0,0,0,0,0,0
0,0,0,0,0,0,0,0,0,0,0,0,0,0,0,0
0,0,0,0,0,0,0,0,0,0,0,0,0,0,0,0
0,0,0,0,0,0,0,0,0,0,0,0,0,0,0,0
0,0,0,0,0,0,0,0,0,0,0,0,0,0,0,0
0,0,0,0,0,0,0,0,0,0,0,0,0,0,0,0
0,0,0,0,0,0,0,0,0,0,0,0,0,0,0,0
0,0,0,0,0,0,0,0,0,0,0,0,0,0,0,0
0,0,0,0,0,0,0,0,0,0,0,0,0,0,0,0
0,0,0,0,0,0,0,0,0,0,0,0,0,0,0,0
0,0,0,0,0,0,0,0,0,0,0,0,0,0,0,0
0,0,0,0,0,0,0,0,0,0,0,0,0,0,0,0
0,0,0,0,0,0,0,0,0,0,0,0,0,0,0,0
0,0,0,0,0,0,0,0,0,0,0,0,0,0,0,0
0,0,0,0,0,0,0,0,0,0,0,0,0,0,0,0
0,0,0,0,0,0,0,0,0,0,0,0,0,0,0,0
0,0,0,0,0,0,0,0,0,0,0,0,0,0,0,0
0,0,0,0,0,0,0,0,0,0,0,0,0,0,0,0
0,0,0,0,0,0,0,0,0,0,0,0,0,0,0,0
0,0,0,0,0,0,0,0,0,0,0,0,0,0,0,0
0,0,0,0,0,0,0,0,0,0,0,0,0,0,0,0
0,0,0,0,0,0,0,0,0,0,0,0,0,0,0,0
0,0,0,0,0,0,0,0,0,0,0,0,0,0,0,0
0,0,0,0,0,0,0,0,0,0,0,0,0,0,0,0
0,0,0,0,0,0,0,0,0,0,0,0,0,0,0,0
0,0,0,0,0,0,0,0,0,0,0,0,0,0,0,0
0,0,0,0,0,0,0,0,0,0,0,0,0,0,0,0
0,0,0,0,0,0,0,0,0,0,0,0,0,0,0,0
0,0,0,0,0,0,0,0,0,0,0,0,0,0,0,0
0,0,0,0,0,0,0,0,0,0,0,0,0,0,0,0
0,0,0,0,0,0,0,0,0,0,0,0,0,0,0,0
0,0,0,0,0,0,0,0,0,0,0,0,0,0,0,0
0,0,0,0,0,0,0,0,0,0,0,0,0,0,0,0
0,0,0,0,0,0,0,0,0,0,0,0,0,0,0,0
0,0,0,0,0,0,0,0,0,0,0,0,0,0,0,0
0,0,0,0,0,0,0,0,0,0,0,0,0,0,0,0
0,0,0,0,0,0,0,0,0,0,0,0,0,0,0,0
0,0,0,0,0,0,0,0,0,0,0,0,0,0,0,0
0,0,0,0,0,0,0,0,0,0,0,0,0,0,0,0
0,0,0,0,0,0,0,0,0,0,0,0,0,0,0,0
0,0,0,0,0,0,0,0,0,0,0,0,0,0,0,0
0,0,0,0,0,0,0,0,0,0,0,0,0,0,0,0
0,0,0,0,0,0,0,0,0,0,0,0,0,0,0,0
0,0,0,0,0,0,0,0,0,0,0,0,0,0,0,0
0,0,0,0,0,0,0,0,0,0,0,0,0,0,0,0
0,0,0,0,0,0,0,0,0,0,0,0,0,0,0,0
0,0,0,0,0,0,0,0,0,0,0,0,0,0,0,0
0,0,0,0,0,0,0,0,0,0,0,0,0,0,0,0
0,0,0,0,0,0,0,0,0,0,0,0,0,0,0,0
0,0,0,0,0,0,0,0,0,0,0,0,0,0,0,0
0,0,0,0,0,0,0,0,0,0,0,0,0,0,0,0
0,0,0,0,0,0,0,0,0,0,0,0,0,0,0,0
0,0,0,0,0,0,0,0,0,0,0,0,0,0,0,0
0,0,0,0,0,0,0,0,0,0,0,0,0,0,0,0
0,0,0,0,0,0,0,0,0,0,0,0,0,0,0,0
0,0,0,0,0,0,0,0,0,0,0,0,0,0,0,0
0,0,0,0,0,0,0,0,0,0,0,0,0,0,0,0
0,0,0,0,0,0,0,0,0,0,0,0,0,0,0,0
0,0,0,0,0,0,0,0,0,0,0,0,0,0,0,0
0,0,0,0,0,0,0,0,0,0,0,0,0,0,0,0
0,0,0,0,0,0,0,0,0,0,0,0,0,0,0,0
0,0,0,0,0,0,0,0,0,0,0,0,0,0,0,0
0,0,0,0,0,0,0,0,0,0,0,0,0,0,0,0
0,0,0,0,0,0,0,0,0,0,0,0,0,0,0,0
0,0,0,0,0,0,0,0,0,0,0,0,0,0,0,0
0,0,0,0,0,0,0,0,0,0,0,0,0,0,0,0
0,0,0,0,0,0,0,0,0,0,0,0,0,0,0,0
0,0,0,0,0,0,0,0,0,0,0,0,0,0,0,0
0,0,0,0,0,0,0,0,0,0,0,0,0,0,0,0
0,0,0,0,0,0,0,0,0,0,0,0,0,0,0,0
0,0,0,0,0,0,0,0,0,0,0,0,0,0,0,0
0,0,0,0,0,0,0,0,0,0,0,0,0,0,0,0
0,0,0,0,0,0,0,0,0,0,0,0,0,0,0,0
0,0,0,0,0,0,0,0,0,0,0,0,0,0,0,0
0,0,0,0,0,0,0,0,0,0,0,0,0,0,0,0
0,0,0,0,0,0,0,0,0,0,0,0,0,0,0,0
0,0,0,0,0,0,0,0,0,0,0,0,0,0,0,0
0,0,0,0,0,0,0,0,0,0,0,0,0,0,0,0
0,0,0,0,0,0,0,0,0,0,0,0,0,0,0,0
0,0,0,0,0,0,0,0,0,0,0,0,0,0,0,0
0,0,0,0,0,0,0,0,0,0,0,0,0,0,0,0
0,0,0,0,0,0,0,0,0,0,0,0,0,0,0,0
0,0,0,0,0,0,0,0,0,0,0,0,0,0,0,0
0,0,0,0,0,0,0,0,0,0,0,0,0,0,0,0
0,0,0,0,0,0,0,0,0,0,0,0,0,0,0,0
0,0,0,0,0,0,0,0,0,0,0,0,0,0,0,0
0,0,0,0,0,0,0,0,0,0,0,0,0,0,0,0
0,0,0,0,0,0,0,0,0,0,0,0,0,0,0,0
0,0,0,0,0,0,0,0,0,0,0,0,0,0,0,0
0,0,0,0,0,0,0,0,0,0,0,0,0,0,0,0
0,0,0,0,0,0,0,0,0,0,0,0,0,0,0,0
0,0,0,0,0,0,0,0,0,0,0,0,0,0,0,0
0,0,0,0,0,0,0,0,0,0,0,0,0,0,0,0
0,0,0,0,0,0,0,0,0,0,0,0,0,0,0,0
0,0,0,0,0,0,0,0,0,0,0,0,0,0,0,0
0,0,0,0,0,0,0,0,0,0,0,0,0,0,0,0
0,0,0,0,0,0,0,0,0,0,0,0,0,0,0,0
0,0,0,0,0,0,0,0,0,0,0,0,0,0,0,0
0,0,0,0,0,0,0,0,0,0,0,0,0,0,0,0
0,0,0,0,0,0,0,0,0,0,0,0,0,0,0,0
0,0,0,0,0,0,0,0,0,0,0,0,0,0,0,0
0,0,0,0,0,0,0,0,0,0,0,0,0,0,0,0
0,0,0,0,0,0,0,0,0,0,0,0,0,0,0,0
0,0,0,0,0,0,0,0,0,0,0,0,0,0,0,0
0,0,0,0,0,0,0,0,0,0,0,0,0,0,0,0
0,0,0,0,0,0,0,0,0,0,0,0,0,0,0,0
0,0,0,0,0,0,0,0,0,0,0,0,0,0,0,0
0,0,0,0,0,0,0,0,0,0,0,0,0,0,0,0
0,0,0,0,0,0,0,0,0,0,0,0,0,0,0,0
0,0,0,0,0,0,0,0,0,0,0,0,0,0,0,0
0,0,0,0,0,0,0,0,0,0,0,0,0,0,0,0
0,0,0,0,0,0,0,0,0,0,0,0,0,0,0,0
0,0,0,0,0,0,0,0,0,0,0,0,0,0,0,0
0,0,0,0,0,0,0,0,0,0,0,0,0,0,0,0
0,0,0,0,0,0,0,0,0,0,0,0,0,0,0,0
0,0,0,0,0,0,0,0,0,0,0,0,0,0,0,0
0,0,0,0,0,0,0,0,0,0,0,0,0,0,0,0
0,0,0,0,0,0,0,0,0,0,0,0,0,0,0,0
0,0,0,0,0,0,0,0,0,0,0,0,0,0,0,0
0,0,0,0,0,0,0,0,0,0,0,0,0,0,0,0
0,0,0,0,0,0,0,0,0,0,0,0,0,0,0,0
0,0,0,0,0,0,0,0,0,0,0,0,0,0,0,0
0,0,0,0,0,0,0,0,0,0,0,0,0,0,0,0
0,0,0,0,0,0,0,0,0,0,0,0,0,0,0,0
0,0,0,0,0,0,0,0,0,0,0,0,0,0,0,0
0,0,0,0,0,0,0,0,0,0,0,0,0,0,0,0
0,0,0,0,0,0,0,0,0,0,0,0,0,0,0,0
0,0,0,0,0,0,0,0,0,0,0,0,0,0,0,0
0,0,0,0,0,0,0,0,0,0,0,0,0,0,0,0
0,0,0,0,0,0,0,0,0,0,0,0,0,0,0,0
0,0,0,0,0,0,0,0,0,0,0,0,0,0,0,0
0,0,0,0,0,0,0,0,0,0,0,0,0,0,0,0
0,0,0,0,0,0,0,0,0,0,0,0,0,0,0,0
0,0,0,0,0,0,0,0,0,0,0,0,0,0,0,0
0,0,0,0,0,0,0,0,0,0,0,0,0,0,0,0
0,0,0,0,0,0,0,0,0,0,0,0,0,0,0,0
0,0,0,0,0,0,0,0,0,0,0,0,0,0,0,0
0,0,0,0,0,0,0,0,0,0,0,0,0,0,0,0
0,0,0,0,0,0,0,0,0,0,0,0,0,0,0,0
0,0,0,0,0,0,0,0,0,0,0,0,0,0,0,0
0,0,0,0,0,0,0,0,0,0,0,0,0,0,0,0
0,0,0,0,0,0,0,0,0,0,0,0,0,0,0,0
0,0,0,0,0,0,0,0,0,0,0,0,0,0,0,0
0,0,0,0,0,0,0,0,0,0,0,0,0,0,0,0
0,0,0,0,0,0,0,0,0,0,0,0,0,0,0,0
0,0,0,0,0,0,0,0,0,0,0,0,0,0,0,0
0,0,0,0,0,0,0,0,0,0,0,0,0,0,0,0
0,0,0,0,0,0,0,0,0,0,0,0,0,0,0,0
0,0,0,0,0,0,0,0,0,0,0,0,0,0,0,0
0,0,0,0,0,0,0,0,0,0,0,0,0,0,0,0
0,0,0,0,0,0,0,0,0,0,0,0,0,0,0,0
0,0,0,0,0,0,0,0,0,0,0,0,0,0,0,0
0,0,0,0,0,0,0,0,0,0,0,0,0,0,0,0
0,0,0,0,0,0,0,0,0,0,0,0,0,0,0,0
0,0,0,0,0,0,0,0,0,0,0,0,0,0,0,0
0,0,0,0,0,0,0,0,0,0,0,0,0,0,0,0
0,0,0,0,0,0,0,0,0,0,0,0,0,0,0,0
0,0,0,0,0,0,0,0,0,0,0,0,0,0,0,0
0,0,0,0,0,0,0,0,0,0,0,0,0,0,0,0
0,0,0,0,0,0,0,0,0,0,0,0,0,0,0,0
0,0,0,0,0,0,0,0,0,0,0,0,0,0,0,0
0,0,0,0,0,0,0,0,0,0,0,0,0,0,0,0
0,0,0,0,0,0,0,0,0,0,0,0,0,0,0,0
0,0,0,0,0,0,0,0,0,0,0,0,0,0,0,0
0,0,0,0,0,0,0,0,0,0,0,0,0,0,0,0
0,0,0,0,0,0,0,0,0,0,0,0,0,0,0,0
0,0,0,0,0,0,0,0,0,0,0,0,0,0,0,0
0,0,0,0,0,0,0,0,0,0,0,0,0,0,0,0
0,0,0,0,0,0,0,0,0,0,0,0,0,0,0,0
0,0,0,0,0,0,0,0,0,0,0,0,0,0,0,0
0,0,0,0,0,0,0,0,0,0,0,0,0,0,0,0
0,0,0,0,0,0,0,0,0,0,0,0,0,0,0,0
0,0,0,0,0,0,0,0,0,0,0,0,0,0,0,0
0,0,0,0,0,0,0,0,0,0,0,0,0,0,0,0
0,0,0,0,0,0,0,0,0,0,0,0,0,0,0,0
0,0,0,0,0,0,0,0,0,0,0,0,0,0,0,0
0,0,0,0,0,0,0,0,0,0,0,0,0,0,0,0
0,0,0,0,0,0,0,0,0,0,0,0,0,0,0,0
0,0,0,0,0,0,0,0,0,0,0,0,0,0,0,0
0,0,0,0,0,0,0,0,0,0,0,0,0,0,0,0
0,0,0,0,0,0,0,0,0,0,0,0,0,0,0,0
0,0,0,0,0,0,0,0,0,0,0,0,0,0,0,0
0,0,0,0,0,0,0,0,0,0,0,0,0,0,0,0
0,0,0,0,0,0,0,0,0,0,0,0,0,0,0,0
0,0,0,0,0,0,0,0,0,0,0,0,0,0,0,0
0,0,0,0,0,0,0,0,0,0,0,0,0,0,0,0
0,0,0,0,0,0,0,0,0,0,0,0,0,0,0,0
0,0,0,0,0,0,0,0,0,0,0,0,0,0,0,0
0,0,0,0,0,0,0,0,0,0,0,0,0,0,0,0
0,0,0,0,0,0,0,0,0,0,0,0,0,0,0,0
0,0,0,0,0,0,0,0,0,0,0,0,0,0,0,0
0,0,0,0,0,0,0,0,0,0,0,0,0,0,0,0
0,0,0,0,0,0,0,0,0,0,0,0,0,0,0,0
0,0,0,0,0,0,0,0,0,0,0,0,0,0,0,0
0,0,0,0,0,0,0,0,0,0,0,0,0,0,0,0
0,0,0,0,0,0,0,0,0,0,0,0,0,0,0,0
0,0,0,0,0,0,0,0,0,0,0,0,0,0,0,0
0,0,0,0,0,0,0,0,0,0,0,0,0,0,0,0
0,0,0,0,0,0,0,0,0,0,0,0,0,0,0,0
0,0,0,0,0,0,0,0,0,0,0,0,0,0,0,0
0,0,0,0,0,0,0,0,0,0,0,0,0,0,0,0
0,0,0,0,0,0,0,0,0,0,0,0,0,0,0,0
0,0,0,0,0,0,0,0,0,0,0,0,0,0,0,0
0,0,0,0,0,0,0,0,0,0,0,0,0,0,0,0
0,0,0,0,0,0,0,0,0,0,0,0,0,0,0,0
0,0,0,0,0,0,0,0,0,0,0,0,0,0,0,0
0,0,0,0,0,0,0,0,0,0,0,0,0,0,0,0
0,0,0,0,0,0,0,0,0,0,0,0,0,0,0,0
0,0,0,0,0,0,0,0,0,0,0,0,0,0,0,0
0,0,0,0,0,0,0,0,0,0,0,0,0,0,0,0
0,0,0,0,0,0,0,0,0,0,0,0,0,0,0,0
0,0,0,0,0,0,0,0,0,0,0,0,0,0,0,0
0,0,0,0,0,0,0,0,0,0,0,0,0,0,0,0
0,0,0,0,0,0,0,0,0,0,0,0,0,0,0,0
0,0,0,0,0,0,0,0,0,0,0,0,0,0,0,0
0,0,0,0,0,0,0,0,0,0,0,0,0,0,0,0
0,0,0,0,0,0,0,0,0,0,0,0,0,0,0,0
0,0,0,0,0,0,0,0,0,0,0,0,0,0,0,0
0,0,0,0,0,0,0,0,0,0,0,0,0,0,0,0
0,0,0,0,0,0,0,0,0,0,0,0,0,0,0,0
0,0,0,0,0,0,0,0,0,0,0,0,0,0,0,0
0,0,0,0,0,0,0,0,0,0,0,0,0,0,0,0
0,0,0,0,0,0,0,0,0,0,0,0,0,0,0,0
0,0,0,0,0,0,0,0,0,0,0,0,0,0,0,0
0,0,0,0,0,0,0,0,0,0,0,0,0,0,0,0
0,0,0,0,0,0,0,0,0,0,0,0,0,0,0,0
0,0,0,0,0,0,0,0,0,0,0,0,0,0,0,0
0,0,0,0,0,0,0,0,0,0,0,0,0,0,0,0
0,0,0,0,0,0,0,0,0,0,0,0,0,0,0,0
0,0,0,0,0,0,0,0,0,0,0,0,0,0,0,0
0,0,0,0,0,0,0,0,0,0,0,0,0,0,0,0
0,0,0,0,0,0,0,0,0,0,0,0,0,0,0,0
0,0,0,0,0,0,0,0,0,0,0,0,0,0,0,0
0,0,0,0,0,0,0,0,0,0,0,0,0,0,0,0
0,0,0,0,0,0,0,0,0,0,0,0,0,0,0,0
0,0,0,0,0,0,0,0,0,0,0,0,0,0,0,0
0,0,0,0,0,0,0,0,0,0,0,0,0,0,0,0
0,0,0,0,0,0,0,0,0,0,0,0,0,0,0,0
0,0,0,0,0,0,0,0,0,0,0,0,0,0,0,0
0,0,0,0,0,0,0,0,0,0,0,0,0,0,0,0
0,0,0,0,0,0,0,0,0,0,0,0,0,0,0,0
0,0,0,0,0,0,0,0,0,0,0,0,0,0,0,0
0,0,0,0,0,0,0,0,0,0,0,0,0,0,0,0
0,0,0,0,0,0,0,0,0,0,0,0,0,0,0,0
0,0,0,0,0,0,0,0,0,0,0,0,0,0,0,0
0,0,0,0,0,0,0,0,0,0,0,0,0,0,0,0
0,0,0,0,0,0,0,0,0,0,0,0,0,0,0,0
0,0,0,0,0,0,0,0,0,0,0,0,0,0,0,0
0,0,0,0,0,0,0,0,0,0,0,0,0,0,0,0
0,0,0,0,0,0,0,0,0,0,0,0,0,0,0,0
0,0,0,0,0,0,0,0,0,0,0,0,0,0,0,0
0,0,0,0,0,0,0,0,0,0,0,0,0,0,0,0
0,0,0,0,0,0,0,0,0,0,0,0,0,0,0,0
0,0,0,0,0,0,0,0,0,0,0,0,0,0,0,0
0,0,0,0,0,0,0,0,0,0,0,0,0,0,0,0
0,0,0,0,0,0,0,0,0,0,0,0,0,0,0,0
0,0,0,0,0,0,0,0,0,0,0,0,0,0,0,0
0,0,0,0,0,0,0,0,0,0,0,0,0,0,0,0
0,0,0,0,0,0,0,0,0,0,0,0,0,0,0,0
0,0,0,0,0,0,0,0,0,0,0,0,0,0,0,0
0,0,0,0,0,0,0,0,0,0,0,0,0,0,0,0
0,0,0,0,0,0,0,0,0,0,0,0,0,0,0,0
0,0,0,0,0,0,0,0,0,0,0,0,0,0,0,0
0,0,0,0,0,0,0,0,0,0,0,0,0,0,0,0
0,0,0,0,0,0,0,0,0,0,0,0,0,0,0,0
0,0,0,0,0,0,0,0,0,0,0,0,0,0,0,0
0,0,0,0,0,0,0,0,0,0,0,0,0,0,0,0
0,0,0,0,0,0,0,0,0,0,0,0,0,0,0,0
0,0,0,0,0,0,0,0,0,0,0,0,0,0,0,0
0,0,0,0,0,0,0,0,0,0,0,0,0,0,0,0
0,0,0,0,0,0,0,0,0,0,0,0,0,0,0,0
0,0,0,0,0,0,0,0,0,0,0,0,0,0,0,0
0,0,0,0,0,0,0,0,0,0,0,0,0,0,0,0
0,0,0,0,0,0,0,0,0,0,0,0,0,0,0,0
0,0,0,0,0,0,0,0,0,0,0,0,0,0,0,0
0,0,0,0,0,0,0,0,0,0,0,0,0,0,0,0
0,0,0,0,0,0,0,0,0,0,0,0,0,0,0,0
0,0,0,0,0,0,0,0,0,0,0,0,0,0,0,0
0,0,0,0,0,0,0,0,0,0,0,0,0,0,0,0
0,0,0,0,0,0,0,0,0,0,0,0,0,0,0,0
0,0,0,0,0,0,0,0,0,0,0,0,0,0,0,0
0,0,0,0,0,0,0,0,0,0,0,0,0,0,0,0
0,0,0,0,0,0,0,0,0,0,0,0,0,0,0,0
0,0,0,0,0,0,0,0,0,0,0,0,0,0,0,0
0,0,0,0,0,0,0,0,0,0,0,0,0,0,0,0
0,0,0,0,0,0,0,0,0,0,0,0,0,0,0,0
0,0,0,0,0,0,0,0,0,0,0,0,0,0,0,0
0,0,0,0,0,0,0,0,0,0,0,0,0,0,0,0
0,0,0,0,0,0,0,0,0,0,0,0,0,0,0,0
0,0,0,0,0,0,0,0,0,0,0,0,0,0,0,0
0,0,0,0,0,0,0,0,0,0,0,0,0,0,0,0
0,0,0,0,0,0,0,0,0,0,0,0,0,0,0,0
0,0,0,0,0,0,0,0,0,0,0,0,0,0,0,0
0,0,0,0,0,0,0,0,0,0,0,0,0,0,0,0
0,0,0,0,0,0,0,0,0,0,0,0,0,0,0,0
0,0,0,0,0,0,0,0,0,0,0,0,0,0,0,0
0,0,0,0,0,0,0,0,0,0,0,0,0,0,0,0
0,0,0,0,0,0,0,0,0,0,0,0,0,0,0,0
0,0,0,0,0,0,0,0,0,0,0,0,0,0,0,0
0,0,0,0,0,0,0,0,0,0,0,0,0,0,0,0
0,0,0,0,0,0,0,0,0,0,0,0,0,0,0,0
0,0,0,0,0,0,0,0,0,0,0,0,0,0,0,0
0,0,0,0,0,0,0,0,0,0,0,0,0,0,0,0
0,0,0,0,0,0,0,0,0,0,0,0,0,0,0,0
0,0,0,0,0,0,0,0,0,0,0,0,0,0,0,0
0,0,0,0,0,0,0,0,0,0,0,0,0,0,0,0
0,0,0,0,0,0,0,0,0,0,0,0,0,0,0,0
0,0,0,0,0,0,0,0,0,0,0,0,0,0,0,0
0,0,0,0,0,0,0,0,0,0,0,0,0,0,0,0
0,0,0,0,0,0,0,0,0,0,0,0,0,0,0,0
0,0,0,0,0,0,0,0,0,0,0,0,0,0,0,0
0,0,0,0,0,0,0,0,0,0,0,0,0,0,0,0
0,0,0,0,0,0,0,0,0,0,0,0,0,0,0,0
0,0,0,0,0,0,0,0,0,0,0,0,0,0,0,0
0,0,0,0,0,0,0,0,0,0,0,0,0,0,0,0
0,0,0,0,0,0,0,0,0,0,0,0,0,0,0,0
0,0,0,0,0,0,0,0,0,0,0,0,0,0,0,0
0,0,0,0,0,0,0,0,0,0,0,0,0,0,0,0
0,0,0,0,0,0,0,0,0,0,0,0,0,0,0,0
0,0,0,0,0,0,0,0,0,0,0,0,0,0,0,0
0,0,0,0,0,0,0,0,0,0,0,0,0,0,0,0
0,0,0,0,0,0,0,0,0,0,0,0,0,0,0,0
0,0,0,0,0,0,0,0,0,0,0,0,0,0,0,0
0,0,0,0,0,0,0,0,0,0,0,0,0,0,0,0
0,0,0,0,0,0,0,0,0,0,0,0,0,0,0,0
0,0,0,0,0,0,0,0,0,0,0,0,0,0,0,0
0,0,0,0,0,0,0,0,0,0,0,0,0,0,0,0
0,0,0,0,0,0,0,0,0,0,0,0,0,0,0,0
0,0,0,0,0,0,0,0,0,0,0,0,0,0,0,0
0,0,0,0,0,0,0,0,0,0,0,0,0,0,0,0
0,0,0,0,0,0,0,0,0,0,0,0,0,0,0,0
0,0,0,0,0,0,0,0,0,0,0,0,0,0,0,0
0,0,0,0,0,0,0,0,0,0,0,0,0,0,0,0
0,0,0,0,0,0,0,0,0,0,0,0,0,0,0,0
0,0,0,0,0,0,0,0,0,0,0,0,0,0,0,0
0,0,0,0,0,0,0,0,0,0,0,0,0,0,0,0
0,0,0,0,0,0,0,0,0,0,0,0,0,0,0,0
0,0,0,0,0,0,0,0,0,0,0,0,0,0,0,0
0,0,0,0,0,0,0,0,0,0,0,0,0,0,0,0
0,0,0,0,0,0,0,0,0,0,0,0,0,0,0,0
0,0,0,0,0,0,0,0,0,0,0,0,0,0,0,0
0,0,0,0,0,0,0,0,0,0,0,0,0,0,0,0
0,0,0,0,0,0,0,0,0,0,0,0,0,0,0,0
0,0,0,0,0,0,0,0,0,0,0,0,0,0,0,0
0,0,0,0,0,0,0,0,0,0,0,0,0,0,0,0
0,0,0,0,0,0,0,0,0,0,0,0,0,0,0,0
0,0,0,0,0,0,0,0,0,0,0,0,0,0,0,0
0,0,0,0,0,0,0,0,0,0,0,0,0,0,0,0
0,0,0,0,0,0,0,0,0,0,0,0,0,0,0,0
0,0,0,0,0,0,0,0,0,0,0,0,0,0,0,0
0,0,0,0,0,0,0,0,0,0,0,0,0,0,0,0
0,0,0,0,0,0,0,0,0,0,0,0,0,0,0,0
0,0,0,0,0,0,0,0,0,0,0,0,0,0,0,0
0,0,0,0,0,0,0,0,0,0,0,0,0,0,0,0
0,0,0,0,0,0,0,0,0,0,0,0,0,0,0,0
0,0,0,0,0,0,0,0,0,0,0,0,0,0,0,0
0,0,0,0,0,0,0,0,0,0,0,0,0,0,0,0
0,0,0,0,0,0,0,0,0,0,0,0,0,0,0,0
0,0,0,0,0,0,0,0,0,0,0,0,0,0,0,0
0,0,0,0,0,0,0,0,0,0,0,0,0,0,0,0
0,0,0,0,0,0,0,0,0,0,0,0,0,0,0,0
0,0,0,0,0,0,0,0,0,0,0,0,0,0,0,0
0,0,0,0,0,0,0,0,0,0,0,0,0,0,0,0
0,0,0,0,0,0,0,0,0,0,0,0,0,0,0,0
0,0,0,0,0,0,0,0,0,0,0,0,0,0,0,0
0,0,0,0,0,0,0,0,0,0,0,0,0,0,0,0
0,0,0,0,0,0,0,0,0,0,0,0,0,0,0,0
0,0,0,0,0,0,0,0,0,0,0,0,0,0,0,0
0,0,0,0,0,0,0,0,0,0,0,0,0,0,0,0
0,0,0,0,0,0,0,0,0,0,0,0,0,0,0,0
0,0,0,0,0,0,0,0,0,0,0,0,0,0,0,0
0,0,0,0,0,0,0,0,0,0,0,0,0,0,0,0
0,0,0,0,0,0,0,0,0,0,0,0,0,0,0,0
0,0,0,0,0,0,0,0,0,0,0,0,0,0,0,0
0,0,0,0,0,0,0,0,0,0,0,0,0,0,0,0
0,0,0,0,0,0,0,0,0,0,0,0,0,0,0,0
0,0,0,0,0,0,0,0,0,0,0,0,0,0,0,0
0,0,0,0,0,0,0,0,0,0,0,0,0,0,0,0
0,0,0,0,0,0,0,0,0,0,0,0,0,0,0,0
0,0,0,0,0,0,0,0,0,0,0,0,0,0,0,0
0,0,0,0,0,0,0,0,0,0,0,0,0,0,0,0
0,0,0,0,0,0,0,0,0,0,0,0,0,0,0,0
0,0,0,0,0,0,0,0,0,0,0,0,0,0,0,0
0,0,0,0,0,0,0,0,0,0,0,0,0,0,0,0
0,0,0,0,0,0,0,0,0,0,0,0,0,0,0,0
0,0,0,0,0,0,0,0,0,0,0,0,0,0,0,0
0,0,0,0,0,0,0,0,0,0,0,0,0,0,0,0
0,0,0,0,0,0,0,0,0,0,0,0,0,0,0,0
0,0,0,0,0,0,0,0,0,0,0,0,0,0,0,0
0,0,0,0,0,0,0,0,0,0,0,0,0,0,0,0
0,0,0,0,0,0,0,0,0,0,0,0,0,0,0,0
0,0,0,0,0,0,0,0,0,0,0,0,0,0,0,0
0,0,0,0,0,0,0,0,0,0,0,0,0,0,0,0
0,0,0,0,0,0,0,0,0,0,0,0,0,0,0,0
0,0,0,0,0,0,0,0,0,0,0,0,0,0,0,0
0,0,0,0,0,0,0,0,0,0,0,0,0,0,0,0
0,0,0,0,0,0,0,0,0,0,0,0,0,0,0,0
0,0,0,0,0,0,0,0,0,0,0,0,0,0,0,0
0,0,0,0,0,0,0,0,0,0,0,0,0,0,0,0
0,0,0,0,0,0,0,0,0,0,0,0,0,0,0,0
0,0,0,0,0,0,0,0,0,0,0,0,0,0,0,0
0,0,0,0,0,0,0,0,0,0,0,0,0,0,0,0
0,0,0,0,0,0,0,0,0,0,0,0,0,0,0,0
0,0,0,0,0,0,0,0,0,0,0,0,0,0,0,0
0,0,0,0,0,0,0,0,0,0,0,0,0,0,0,0
0,0,0,0,0,0,0,0,0,0,0,0,0,0,0,0
0,0,0,0,0,0,0,0,0,0,0,0,0,0,0,0
0,0,0,0,0,0,0,0,0,0,0,0,0,0,0,0
0,0,0,0,0,0,0,0,0,0,0,0,0,0,0,0
0,0,0,0,0,0,0,0,0,0,0,0,0,0,0,0
0,0,0,0,0,0,0,0,0,0,0,0,0,0,0,0
0,0,0,0,0,0,0,0,0,0,0,0,0,0,0,0
0,0,0,0,0,0,0,0,0,0,0,0,0,0,0,0
0,0,0,0,0,0,0,0,0,0,0,0,0,0,0,0
0,0,0,0,0,0,0,0,0,0,0,0,0,0,0,0
0,0,0,0,0,0,0,0,0,0,0,0,0,0,0,0
0,0,0,0,0,0,0,0,0,0,0,0,0,0,0,0
0,0,0,0,0,0,0,0,0,0,0,0,0,0,0,0
0,0,0,0,0,0,0,0,0,0,0,0,0,0,0,0
0,0,0,0,0,0,0,0,0,0,0,0,0,0,0,0
0,0,0,0,0,0,0,0,0,0,0,0,0,0,0,0
0,0,0,0,0,0,0,0,0,0,0,0,0,0,0,0
0,0,0,0,0,0,0,0,0,0,0,0,0,0,0,0
0,0,0,0,0,0,0,0,0,0,0,0,0,0,0,0
0,0,0,0,0,0,0,0,0,0,0,0,0,0,0,0
0,0,0,0,0,0,0,0,0,0,0,0,0,0,0,0
0,0,0,0,0,0,0,0,0,0,0,0,0,0,0,0
0,0,0,0,0,0,0,0,0,0,0,0,0,0,0,0
0,0,0,0,0,0,0,0,0,0,0,0,0,0,0,0
0,0,0,0,0,0,0,0,0,0,0,0,0,0,0,0
0,0,0,0,0,0,0,0,0,0,0,0,0,0,0,0
0,0,0,0,0,0,0,0,0,0,0,0,0,0,0,0
0,0,0,0,0,0,0,0,0,0,0,0,0,0,0,0
0,0,0,0,0,0,0,0,0,0,0,0,0,0,0,0
0,0,0,0,0,0,0,0,0,0,0,0,0,0,0,0
0,0,0,0,0,0,0,0,0,0,0,0,0,0,0,0
0,0,0,0,0,0,0,0,0,0,0,0,0,0,0,0
0,0,0,0,0,0,0,0,0,0,0,0,0,0,0,0
0,0,0,0,0,0,0,0,0,0,0,0,0,0,0,0
0,0,0,0,0,0,0,0,0,0,0,0,0,0,0,0
0,0,0,0,0,0,0,0,0,0,0,0,0,0,0,0
0,0,0,0,0,0,0,0,0,0,0,0,0,0,0,0
0,0,0,0,0,0,0,0,0,0,0,0,0,0,0,0
0,0,0,0,0,0,0,0,0,0,0,0,0,0,0,0
0,0,0,0,0,0,0,0,0,0,0,0,0,0,0,0
0,0,0,0,0,0,0,0,0,0,0,0,0,0,0,0
0,0,0,0,0,0,0,0,0,0,0,0,0,0,0,0
0,0,0,0,0,0,0,0,0,0,0,0,0,0,0,0
0,0,0,0,0,0,0,0,0,0,0,0,0,0,0,0
0,0,0,0,0,0,0,0,0,0,0,0,0,0,0,0
0,0,0,0,0,0,0,0,0,0,0,0,0,0,0,0
0,0,0,0,0,0,0,0,0,0,0,0,0,0,0,0
0,0,0,0,0,0,0,0,0,0,0,0,0,0,0,0
0,0,0,0,0,0,0,0,0,0,0,0,0,0,0,0
0,0,0,0,0,0,0,0,0,0,0,0,0,0,0,0
0,0,0,0,0,0,0,0,0,0,0,0,0,0,0,0
0,0,0,0,0,0,0,0,0,0,0,0,0,0,0,0
0,0,0,0,0,0,0,0,0,0,0,0,0,0,0,0
0,0,0,0,0,0,0,0,0,0,0,0,0,0,0,0
0,0,0,0,0,0,0,0,0,0,0,0,0,0,0,0
0,0,0,0,0,0,0,0,0,0,0,0,0,0,0,0
0,0,0,0,0,0,0,0,0,0,0,0,0,0,0,0
0,0,0,0,0,0,0,0,0,0,0,0,0,0,0,0
0,0,0,0,0,0,0,0,0,0,0,0,0,0,0,0
0,0,0,0,0,0,0,0,0,0,0,0,0,0,0,0
0,0,0,0,0,0,0,0,0,0,0,0,0,0,0,0
0,0,0,0,0,0,0,0,0,0,0,0,0,0,0,0
0,0,0,0,0,0,0,0,0,0,0,0,0,0,0,0
0,0,0,0,0,0,0,0,0,0,0,0,0,0,0,0
0,0,0,0,0,0,0,0,0,0,0,0,0,0,0,0
0,0,0,0,0,0,0,0,0,0,0,0,0,0,0,0
0,0,0,0,0,0,0,0,0,0,0,0,0,0,0,0
0,0,0,0,0,0,0,0,0,0,0,0,0,0,0,0
0,0,0,0,0,0,0,0,0,0,0,0,0,0,0,0
0,0,0,0,0,0,0,0,0,0,0,0,0,0,0,0
0,0,0,0,0,0,0,0,0,0,0,0,0,0,0,0
0,0,0,0,0,0,0,0,0,0,0,0,0,0,0,0
0,0,0,0,0,0,0,0,0,0,0,0,0,0,0,0
0,0,0,0,0,0,0,0,0,0,0,0,0,0,0,0
0,0,0,0,0,0,0,0,0,0,0,0,0,0,0,0
0,0,0,0,0,0,0,0,0,0,0,0,0,0,0,0
0,0,0,0,0,0,0,0,0,0,0,0,0,0,0,0
0,0,0,0,0,0,0,0,0,0,0,0,0,0,0,0
0,0,0,0,0,0,0,0,0,0,0,0,0,0,0,0
0,0,0,0,0,0,0,0,0,0,0,0,0,0,0,0
0,0,0,0,0,0,0,0,0,0,0,0,0,0,0,0
0,0,0,0,0,0,0,0,0,0,0,0,0,0,0,0
0,0,0,0,0,0,0,0,0,0,0,0,0,0,0,0
0,0,0,0,0,0,0,0,0,0,0,0,0,0,0,0
0,0,0,0,0,0,0,0,0,0,0,0,0,0,0,0
0,0,0,0,0,0,0,0,0,0,0,0,0,0,0,0
0,0,0,0,0,0,0,0,0,0,0,0,0,0,0,0
0,0,0,0,0,0,0,0,0,0,0,0,0,0,0,0
0,0,0,0,0,0,0,0,0,0,0,0,0,0,0,0
0,0,0,0,0,0,0,0,0,0,0,0,0,0,0,0
0,0,0,0,0,0,0,0,0,0,0,0,0,0,0,0
0,0,0,0,0,0,0,0,0,0,0,0,0,0,0,0
0,0,0,0,0,0,0,0,0,0,0,0,0,0,0,0
0,0,0,0,0,0,0,0,0,0,0,0,0,0,0,0
0,0,0,0,0,0,0,0,0,0,0,0,0,0,0,0
0,0,0,0,0,0,0,0,0,0,0,0,0,0,0,0
0,0,0,0,0,0,0,0,0,0,0,0,0,0,0,0
0,0,0,0,0,0,0,0,0,0,0,0,0,0,0,0
0,0,0,0,0,0,0,0,0,0,0,0,0,0,0,0
0,0,0,0,0,0,0,0,0,0,0,0,0,0,0,0
0,0,0,0,0,0,0,0,0,0,0,0,0,0,0,0
0,0,0,0,0,0,0,0,0,0,0,0,0,0,0,0
0,0,0,0,0,0,0,0,0,0,0,0,0,0,0,0
0,0,0,0,0,0,0,0,0,0,0,0,0,0,0,0
0,0,0,0,0,0,0,0,0,0,0,0,0,0,0,0
0,0,0,0,0,0,0,0,0,0,0,0,0,0,0,0
0,0,0,0,0,0,0,0,0,0,0,0,0,0,0,0
0,0,0,0,0,0,0,0,0,0,0,0,0,0,0,0
0,0,0,0,0,0,0,0,0,0,0,0,0,0,0,0
0,0,0,0,0,0,0,0,0,0,0,0,0,0,0,0
0,0,0,0,0,0,0,0,0,0,0,0,0,0,0,0
0,0,0,0,0,0,0,0,0,0,0,0,0,0,0,0
0,0,0,0,0,0,0,0,0,0,0,0,0,0,0,0
0,0,0,0,0,0,0,0,0,0,0,0,0,0,0,0
0,0,0,0,0,0,0,0,0,0,0,0,0,0,0,0
0,0,0,0,0,0,0,0,0,0,0,0,0,0,0,0
0,0,0,0,0,0,0,0,0,0,0,0,0,0,0,0
0,0,0,0,0,0,0,0,0,0,0,0,0,0,0,0
0,0,0,0,0,0,0,0,0,0,0,0,0,0,0,0
0,0,0,0,0,0,0,0,0,0,0,0,0,0,0,0
0,0,0,0,0,0,0,0,0,0,0,0,0,0,0,0
0,0,0,0,0,0,0,0,0,0,0,0,0,0,0,0
0,0,0,0,0,0,0,0,0,0,0,0,0,0,0,0
0,0,0,0,0,0,0,0,0,0,0,0,0,0,0,0
0,0,0,0,0,0,0,0,0,0,0,0,0,0,0,0
0,0,0,0,0,0,0,0,0,0,0,0,0,0,0,0
0,0,0,0,0,0,0,0,0,0,0,0,0,0,0,0
0,0,0,0,0,0,0,0,0,0,0,0,0,0,0,0
0,0,0,0,0,0,0,0,0,0,0,0,0,0,0,0
0,0,0,0,0,0,0,0,0,0,0,0,0,0,0,0
0,0,0,0,0,0,0,0,0,0,0,0,0,0,0,0
0,0,0,0,0,0,0,0,0,0,0,0,0,0,0,0
0,0,0,0,0,0,0,0,0,0,0,0,0,0,0,0
0,0,0,0,0,0,0,0,0,0,0,0,0,0,0,0
0,0,0,0,0,0,0,0,0,0,0,0,0,0,0,0
0,0,0,0,0,0,0,0,0,0,0,0,0,0,0,0
0,0,0,0,0,0,0,0,0,0,0,0,0,0,0,0
0,0,0,0,0,0,0,0,0,0,0,0,0,0,0,0
0,0,0,0,0,0,0,0,0,0,0,0,0,0,0,0
0,0,0,0,0,0,0,0,0,0,0,0,0,0,0,0
0,0,0,0,0,0,0,0,0,0,0,0,0,0,0,0
0,0,0,0,0,0,0,0,0,0,0,0,0,0,0,0
0,0,0,0,0,0,0,0,0,0,0,0,0,0,0,0
0,0,0,0,0,0,0,0,0,0,0,0,0,0,0,0
0,0,0,0,0,0,0,0,0,0,0,0,0,0,0,0
0,0,0,0,0,0,0,0,0,0,0,0,0,0,0,0
0,0,0,0,0,0,0,0,0,0,0,0,0,0,0,0
0,0,0,0,0,0,0,0,0,0,0,0,0,0,0,0
0,0,0,0,0,0,0,0,0,0,0,0,0,0,0,0
0,0,0,0,0,0,0,0,0,0,0,0,0,0,0,0
0,0,0,0,0,0,0,0,0,0,0,0,0,0,0,0
0,0,0,0,0,0,0,0,0,0,0,0,0,0,0,0
0,0,0,0,0,0,0,0,0,0,0,0,0,0,0,0
0,0,0,0,0,0,0,0,0,0,0,0,0,0,0,0
0,0,0,0,0,0,0,0,0,0,0,0,0,0,0,0
0,0,0,0,0,0,0,0,0,0,0,0,0,0,0,0
0,0,0,0,0,0,0,0,0,0,0,0,0,0,0,0
0,0,0,0,0,0,0,0,0,0,0,0,0,0,0,0
0,0,0,0,0,0,0,0,0,0,0,0,0,0,0,0
0,0,0,0,0,0,0,0,0,0,0,0,0,0,0,0
0,0,0,0,0,0,0,0,0,0,0,0,0,0,0,0
0,0,0,0,0,0,0,0,0,0,0,0,0,0,0,0
0,0,0,0,0,0,0,0,0,0,0,0,0,0,0,0
0,0,0,0,0,0,0,0,0,0,0,0,0,0,0,0
0,0,0,0,0,0,0,0,0,0,0,0,0,0,0,0
0,0,0,0,0,0,0,0,0,0,0,0,0,0,0,0
0,0,0,0,0,0,0,0,0,0,0,0,0,0,0,0
0,0,0,0,0,0,0,0,0,0,0,0,0,0,0,0
0,0,0,0,0,0,0,0,0,0,0,0,0,0,0,0
0,0,0,0,0,0,0,0,0,0,0,0,0,0,0,0
0,0,0,0,0,0,0,0,0,0,0,0,0,0,0,0
0,0,0,0,0,0,0,0,0,0,0,0,0,0,0,0
0,0,0,0,0,0,0,0,0,0,0,0,0,0,0,0
0,0,0,0,0,0,0,0,0,0,0,0,0,0,0,0
0,0,0,0,0,0,0,0,0,0,0,0,0,0,0,0
0,0,0,0,0,0,0,0,0,0,0,0,0,0,0,0
0,0,0,0,0,0,0,0,0,0,0,0,0,0,0,0
0,0,0,0,0,0,0,0,0,0,0,0,0,0,0,0
0,0,0,0,0,0,0,0,0,0,0,0,0,0,0,0
0,0,0,0,0,0,0,0,0,0,0,0,0,0,0,0
0,0,0,0,0,0,0,0,0,0,0,0,0,0,0,0
0,0,0,0,0,0,0,0,0,0,0,0,0,0,0,0
0,0,0,0,0,0,0,0,0,0,0,0,0,0,0,0
0,0,0,0,0,0,0,0,0,0,0,0,0,0,0,0
0,0,0,0,0,0,0,0,0,0,0,0,0,0,0,0
0,0,0,0,0,0,0,0,0,0,0,0,0,0,0,0
0,0,0,0,0,0,0,0,0,0,0,0,0,0,0,0
0,0,0,0,0,0,0,0,0,0,0,0,0,0,0,0
0,0,0,0,0,0,0,0,0,0,0,0,0,0,0,0
0,0,0,0,0,0,0,0,0,0,0,0,0,0,0,0
0,0,0,0,0,0,0,0,0,0,0,0,0,0,0,0
0,0,0,0,0,0,0,0,0,0,0,0,0,0,0,0
0,0,0,0,0,0,0,0,0,0,0,0,0,0,0,0
0,0,0,0,0,0,0,0,0,0,0,0,0,0,0,0
0,0,0,0,0,0,0,0,0,0,0,0,0,0,0,0
0,0,0,0,0,0,0,0,0,0,0,0,0,0,0,0
0,0,0,0,0,0,0,0,0,0,0,0,0,0,0,0
0,0,0,0,0,0,0,0,0,0,0,0,0,0,0,0
0,0,0,0,0,0,0,0,0,0,0,0,0,0,0,0
0,0,0,0,0,0,0,0,0,0,0,0,0,0,0,0
0,0,0,0,0,0,0,0,0,0,0,0,0,0,0,0
0,0,0,0,0,0,0,0,0,0,0,0,0,0,0,0
0,0,0,0,0,0,0,0,0,0,0,0,0,0,0,0
0,0,0,0,0,0,0,0,0,0,0,0,0,0,0,0
0,0,0,0,0,0,0,0,0,0,0,0,0,0,0,0
0,0,0,0,0,0,0,0,0,0,0,0,0,0,0,0
0,0,0,0,0,0,0,0,0,0,0,0,0,0,0,0
0,0,0,0,0,0,0,0,0,0,0,0,0,0,0,0
0,0,0,0,0,0,0,0,0,0,0,0,0,0,0,0
0,0,0,0,0,0,0,0,0,0,0,0,0,0,0,0
0,0,0,0,0,0,0,0,0,0,0,0,0,0,0,0
0,0,0,0,0,0,0,0,0,0,0,0,0,0,0,0
0,0,0,0,0,0,0,0,0,0,0,0,0,0,0,0
0,0,0,0,0,0,0,0,0,0,0,0,0,0,0,0
0,0,0,0,0,0,0,0,0,0,0,0,0,0,0,0
0,0,0,0,0,0,0,0,0,0,0,0,0,0,0,0
0,0,0,0,0,0,0,0,0,0,0,0,0,0,0,0
0,0,0,0,0,0,0,0,0,0,0,0,0,0,0,0
0,0,0,0,0,0,0,0,0,0,0,0,0,0,0,0
0,0,0,0,0,0,0,0,0,0,0,0,0,0,0,0
0,0,0,0,0,0,0,0,0,0,0,0,0,0,0,0
0,0,0,0,0,0,0,0,0,0,0,0,0,0,0,0
0,0,0,0,0,0,0,0,0,0,0,0,0,0,0,0
0,0,0,0,0,0,0,0,0,0,0,0,0,0,0,0
0,0,0,0,0,0,0,0,0,0,0,0,0,0,0,0
0,0,0,0,0,0,0,0,0,0,0,0,0,0,0,0
0,0,0,0,0,0,0,0,0,0,0,0,0,0,0,0
0,0,0,0,0,0,0,0,0,0,0,0,0,0,0,0
0,0,0,0,0,0,0,0,0,0,0,0,0,0,0,0
0,0,0,0,0,0,0,0,0,0,0,0,0,0,0,0
0,0,0,0,0,0,0,0,0,0,0,0,0,0,0,0
0,0,0,0,0,0,0,0,0,0,0,0,0,0,0,0
0,0,0,0,0,0,0,0,0,0,0,0,0,0,0,0
0,0,0,0,0,0,0,0,0,0,0,0,0,0,0,0
0,0,0,0,0,0,0,0,0,0,0,0,0,0,0,0
0,0,0,0,0,0,0,0,0,0,0,0,0,0,0,0
0,0,0,0,0,0,0,0,0,0,0,0,0,0,0,0
0,0,0,0,0,0,0,0,0,0,0,0,0,0,0,0
0,0,0,0,0,0,0,0,0,0,0,0,0,0,0,0
0,0,0,0,0,0,0,0,0,0,0,0,0,0,0,0
0,0,0,0,0,0,0,0,0,0,0,0,0,0,0,0
0,0,0,0,0,0,0,0,0,0,0,0,0,0,0,0
0,0,0,0,0,0,0,0,0,0,0,0,0,0,0,0
0,0,0,0,0,0,0,0,0,0,0,0,0,0,0,0
0,0,0,0,0,0,0,0,0,0,0,0,0,0,0,0
0,0,0,0,0,0,0,0,0,0,0,0,0,0,0,0
0,0,0,0,0,0,0,0,0,0,0,0,0,0,0,0
0,0,0,0,0,0,0,0,0,0,0,0,0,0,0,0
0,0,0,0,0,0,0,0,0,0,0,0,0,0,0,0
0,0,0,0,0,0,0,0,0,0,0,0,0,0,0,0
0,0,0,0,0,0,0,0,0,0,0,0,0,0,0,0
0,0,0,0,0,0,0,0,0,0,0,0,0,0,0,0
0,0,0,0,0,0,0,0,0,0,0,0,0,0,0,0
0,0,0,0,0,0,0,0,0,0,0,0,0,0,0,0
0,0,0,0,0,0,0,0,0,0,0,0,0,0,0,0
0,0,0,0,0,0,0,0,0,0,0,0,0,0,0,0
0,0,0,0,0,0,0,0,0,0,0,0,0,0,0,0
0,0,0,0,0,0,0,0,0,0,0,0,0,0,0,0
0,0,0,0,0,0,0,0,0,0,0,0,0,0,0,0
0,0,0,0,0,0,0,0,0,0,0,0,0,0,0,0
0,0,0,0,0,0,0,0,0,0,0,0,0,0,0,0
0,0,0,0,0,0,0,0,0,0,0,0,0,0,0,0
0,0,0,0,0,0,0,0,0,0,0,0,0,0,0,0
0,0,0,0,0,0,0,0,0,0,0,0,0,0,0,0
0,0,0,0,0,0,0,0,0,0,0,0,0,0,0,0
0,0,0,0,0,0,0,0,0,0,0,0,0,0,0,0
0,0,0,0,0,0,0,0,0,0,0,0,0,0,0,0
0,0,0,0,0,0,0,0,0,0,0,0,0,0,0,0
0,0,0,0,0,0,0,0,0,0,0,0,0,0,0,0
0,0,0,0,0,0,0,0,0,0,0,0,0,0,0,0
0,0,0,0,0,0,0,0,0,0,0,0,0,0,0,0
0,0,0,0,0,0,0,0,0,0,0,0,0,0,0,0
0,0,0,0,0,0,0,0,0,0,0,0,0,0,0,0
0,0,0,0,0,0,0,0,0,0,0,0,0,0,0,0
0,0,0,0,0,0,0,0,0,0,0,0,0,0,0,0
0,0,0,0,0,0,0,0,0,0,0,0,0,0,0,0
0,0,0,0,0,0,0,0,0,0,0,0,0,0,0,0
0,0,0,0,0,0,0,0,0,0,0,0,0,0,0,0
0,0,0,0,0,0,0,0,0,0,0,0,0,0,0,0
0,0,0,0,0,0,0,0,0,0,0,0,0,0,0,0
0,0,0,0,0,0,0,0,0,0,0,0,0,0,0,0
0,0,0,0,0,0,0,0,0,0,0,0,0,0,0,0
0,0,0,0,0,0,0,0,0,0,0,0,0,0,0,0
0,0,0,0,0,0,0,0,0,0,0,0,0,0,0,0
0,0,0,0,0,0,0,0,0,0,0,0,0,0,0,0
0,0,0,0,0,0,0,0,0,0,0,0,0,0,0,0
0,0,0,0,0,0,0,0,0,0,0,0,0,0,0,0
0,0,0,0,0,0,0,0,0,0,0,0,0,0,0,0
0,0,0,0,0,0,0,0,0,0,0,0,0,0,0,0
0,0,0,0,0,0,0,0,0,0,0,0,0,0,0,0
0,0,0,0,0,0,0,0,0,0,0,0,0,0,0,0
0,0,0,0,0,0,0,0,0,0,0,0,0,0,0,0
0,0,0,0,0,0,0,0,0,0,0,0,0,0,0,0
0,0,0,0,0,0,0,0,0,0,0,0,0,0,0,0
0,0,0,0,0,0,0,0,0,0,0,0,0,0,0,0
0,0,0,0,0,0,0,0,0,0,0,0,0,0,0,0
0,0,0,0,0,0,0,0,0,0,0,0,0,0,0,0
0,0,0,0,0,0,0,0,0,0,0,0,0,0,0,0
0,0,0,0,0,0,0,0,0,0,0,0,0,0,0,0
0,0,0,0,0,0,0,0,0,0,0,0,0,0,0,0
0,0,0,0,0,0,0,0,0,0,0,0,0,0,0,0
0,0,0,0,0,0,0,0,0,0,0,0,0,0,0,0
0,0,0,0,0,0,0,0,0,0,0,0,0,0,0,0
0,0,0,0,0,0,0,0,0,0,0,0,0,0,0,0
0,0,0,0,0,0,0,0,0,0,0,0,0,0,0,0
0,0,0,0,0,0,0,0,0,0,0,0,0,0,0,0
0,0,0,0,0,0,0,0,0,0,0,0,0,0,0,0
0,0,0,0,0,0,0,0,0,0,0,0,0,0,0,0
0,0,0,0,0,0,0,0,0,0,0,0,0,0,0,0
0,0,0,0,0,0,0,0,0,0,0,0,0,0,0,0
0,0,0,0,0,0,0,0,0,0,0,0,0,0,0,0
0,0,0,0,0,0,0,0,0,0,0,0,0,0,0,0
0,0,0,0,0,0,0,0,0,0,0,0,0,0,0,0
0,0,0,0,0,0,0,0,0,0,0,0,0,0,0,0
0,0,0,0,0,0,0,0,0,0,0,0,0,0,0,0
0,0,0,0,0,0,0,0,0,0,0,0,0,0,0,0
0,0,0,0,0,0,0,0,0,0,0,0,0,0,0,0
0,0,0,0,0,0,0,0,0,0,0,0,0,0,0,0
0,0,0,0,0,0,0,0,0,0,0,0,0,0,0,0
0,0,0,0,0,0,0,0,0,0,0,0,0,0,0,0
0,0,0,0,0,0,0,0,0,0,0,0,0,0,0,0
0,0,0,0,0,0,0,0,0,0,0,0,0,0,0,0
0,0,0,0,0,0,0,0,0,0,0,0,0,0,0,0
0,0,0,0,0,0,0,0,0,0,0,0,0,0,0,0
0,0,0,0,0,0,0,0,0,0,0,0,0,0,0,0
0,0,0,0,0,0,0,0,0,0,0,0,0,0,0,0
0,0,0,0,0,0,0,0,0,0,0,0,0,0,0,0
0,0,0,0,0,0,0,0,0,0,0,0,0,0,0,0
0,0,0,0,0,0,0,0,0,0,0,0,0,0,0,0
0,0,0,0,0,0,0,0,0,0,0,0,0,0,0,0
0,0,0,0,0,0,0,0,0,0,0,0,0,0,0,0
0,0,0,0,0,0,0,0,0,0,0,0,0,0,0,0
0,0,0,0,0,0,0,0,0,0,0,0,0,0,0,0
0,0,0,0,0,0,0,0,0,0,0,0,0,0,0,0
0,0,0,0,0,0,0,0,0,0,0,0,0,0,0,0
0,0,0,0,0,0,0,0,0,0,0,0,0,0,0,0
0,0,0,0,0,0,0,0,0,0,0,0,0,0,0,0
0,0,0,0,0,0,0,0,0,0,0,0,0,0,0,0
0,0,0,0,0,0,0,0,0,0,0,0,0,0,0,0
0,0,0,0,0,0,0,0,0,0,0,0,0,0,0,0
0,0,0,0,0,0,0,0,0,0,0,0,0,0,0,0
0,0,0,0,0,0,0,0,0,0,0,0,0,0,0,0
0,0,0,0,0,0,0,0,0,0,0,0,0,0,0,0
0,0,0,0,0,0,0,0,0,0,0,0,0,0,0,0
0,0,0,0,0,0,0,0,0,0,0,0,0,0,0,0
0,0,0,0,0,0,0,0,0,0,0,0,0,0,0,0
0,0,0,0,0,0,0,0,0,0,0,0,0,0,0,0
0,0,0,0,0,0,0,0,0,0,0,0,0,0,0,0
0,0,0,0,0,0,0,0,0,0,0,0,0,0,0,0
0,0,0,0,0,0,0,0,0,0,0,0,0,0,0,0
0,0,0,0,0,0,0,0,0,0,0,0,0,0,0,0
0,0,0,0,0,0,0,0,0,0,0,0,0,0,0,0
0,0,0,0,0,0,0,0,0,0,0,0,0,0,0,0
0,0,0,0,0,0,0,0,0,0,0,0,0,0,0,0
0,0,0,0,0,0,0,0,0,0,0,0,0,0,0,0
0,0,0,0,0,0,0,0,0,0,0,0,0,0,0,0
0,0,0,0,0,0,0,0,0,0,0,0,0,0,0,0
0,0,0,0,0,0,0,0,0,0,0,0,0,0,0,0
0,0,0,0,0,0,0,0,0,0,0,0,0,0,0,0
0,0,0,0,0,0,0,0,0,0,0,0,0,0,0,0
0,0,0,0,0,0,0,0,0,0,0,0,0,0,0,0
0,0,0,0,0,0,0,0,0,0,0,0,0,0,0,0
0,0,0,0,0,0,0,0,0,0,0,0,0,0,0,0
0,0,0,0,0,0,0,0,0,0,0,0,0,0,0,0
0,0,0,0,0,0,0,0,0,0,0,0,0,0,0,0
0,0,0,0,0,0,0,0,0,0,0,0,0,0,0,0
0,0,0,0,0,0,0,0,0,0,0,0,0,0,0,0
0,0,0,0,0,0,0,0,0,0,0,0,0,0,0,0
0,0,0,0,0,0,0,0,0,0,0,0,0,0,0,0
0,0,0,0,0,0,0,0,0,0,0,0,0,0,0,0
0,0,0,0,0,0,0,0,0,0,0,0,0,0,0,0
0,0,0,0,0,0,0,0,0,0,0,0,0,0,0,0
0,0,0,0,0,0,0,0,0,0,0,0,0,0,0,0
0,0,0,0,0,0,0,0,0,0,0,0,0,0,0,0
0,0,0,0,0,0,0,0,0,0,0,0,0,0,0,0
0,0,0,0,0,0,0,0,0,0,0,0,0,0,0,0
0,0,0,0,0,0,0,0,0,0,0,0,0,0,0,0
0,0,0,0,0,0,0,0,0,0,0,0,0,0,0,0
0,0,0,0,0,0,0,0,0,0,0,0,0,0,0,0
0,0,0,0,0,0,0,0,0,0,0,0,0,0,0,0
0,0,0,0,0,0,0,0,0,0,0,0,0,0,0,0
0,0,0,0,0,0,0,0,0,0,0,0,0,0,0,0
0,0,0,0,0,0,0,0,0,0,0,0,0,0,0,0
0,0,0,0,0,0,0,0,0,0,0,0,0,0,0,0
0,0,0,0,0,0,0,0,0,0,0,0,0,0,0,0
0,0,0,0,0,0,0,0,0,0,0,0,0,0,0,0
0,0,0,0,0,0,0,0,0,0,0,0,0,0,0,0
0,0,0,0,0,0,0,0,0,0,0,0,0,0,0,0
0,0,0,0,0,0,0,0,0,0,0,0,0,0,0,0
0,0,0,0,0,0,0,0,0,0,0,0,0,0,0,0
0,0,0,0,0,0,0,0,0,0,0,0,0,0,0,0
0,0,0,0,0,0,0,0,0,0,0,0,0,0,0,0
0,0,0,0,0,0,0,0,0,0,0,0,0,0,0,0
0,0,0,0,0,0,0,0,0,0,0,0,0,0,0,0
0,0,0,0,0,0,0,0,0,0,0,0,0,0,0,0
0,0,0,0,0,0,0,0,0,0,0,0,0,0,0,0
